id,legacy_plan_id,model_name,manufacturer,classification,detail_url,quote_url,floorplan_url,photo_count,floorplan_count,matterport
floorplan-223034,223034,Skyliner / 4732B,Skyline Homes,Double Wide,https://www.texashomeoutlet.com/plan/223034/skyliner/4732b/,https://www.texashomeoutlet.com/quote/floorplan/223034/dealer/3522,https://d132mt2yijm03y.cloudfront.net/manufacturer/2045/floorplan/223034/4732-floor-plans-SMALL.jpg,1,1,False
floorplan-226545,226545,Solution / The Absolute Value SLC28764A,Clayton Sulphur Springs,Double Wide,https://www.texashomeoutlet.com/plan/226545/solution/the-absolute-value-slc28764a/,https://www.texashomeoutlet.com/quote/floorplan/226545/dealer/3522,https://d132mt2yijm03y.cloudfront.net/manufacturer/2025/floorplan/226545/floor-plans-SMALL%20%289%29.jpg,1,1,True
floorplan-226581,226581,Premier / The Dauphine 3260-H-32005,Champion Homes,Double Wide,https://www.texashomeoutlet.com/plan/226581/premier/the-dauphine-3260-h-32005/,https://www.texashomeoutlet.com/quote/floorplan/226581/dealer/3522,https://d132mt2yijm03y.cloudfront.net/manufacturer/3373/floorplan/226581/3260-H-32005-floor-plans-SMALL.jpg,1,1,True
floorplan-227811,227811,Palmetto / The Poydras 3256-H-32004,Skyline Homes,Double Wide,https://www.texashomeoutlet.com/plan/227811/palmetto/the-poydras-3256-h-32004/,https://www.texashomeoutlet.com/quote/floorplan/227811/dealer/3522,https://d132mt2yijm03y.cloudfront.net/manufacturer/3339/floorplan/227811/poydras%2032%20floor-plans-SMALL.jpg,1,1,True
floorplan-232387,232387,Independent / Anatolia SLT28563E,Clayton Sulphur Springs,Double Wide,https://www.texashomeoutlet.com/plan/232387/independent/anatolia-slt28563e/,https://www.texashomeoutlet.com/quote/floorplan/232387/dealer/3522,https://d132mt2yijm03y.cloudfront.net/manufacturer/2025/floorplan/232387/Anatolia.jpg,1,1,True
floorplan-236775,236775,Epic Journey / Desoto 43CEJ28483AH,Southern Energy Homes,Double Wide,https://www.texashomeoutlet.com/plan/236775/epic-journey/desoto-43cej28483ah/,https://www.texashomeoutlet.com/quote/floorplan/236775/dealer/3522,https://d132mt2yijm03y.cloudfront.net/manufacturer/1997/floorplan/236775/desoto.jpg,1,1,True
floorplan-222035,222035,Compass / Fernández 2303,Meridian Homes,Double Wide,https://www.texashomeoutlet.com/plan/222035/compass/fern%C3%A1ndez-2303/,https://www.texashomeoutlet.com/quote/floorplan/222035/dealer/3522,https://d132mt2yijm03y.cloudfront.net/manufacturer/3311/floorplan/222035/2303.jpg,1,1,True
floorplan-222040,222040,Compass / Beebe 2810,Meridian Homes,Double Wide,https://www.texashomeoutlet.com/plan/222040/compass/beebe-2810/,https://www.texashomeoutlet.com/quote/floorplan/222040/dealer/3522,https://d132mt2yijm03y.cloudfront.net/manufacturer/3311/floorplan/222040/HS2810-floor-plans.jpg,1,1,True
floorplan-223567,223567,Valu Maxx / VM-14663M,Cavco Homes of Texas,Single Wide,https://www.texashomeoutlet.com/plan/223567/valu-maxx/vm-14663m/,https://www.texashomeoutlet.com/quote/floorplan/223567/dealer/3522,https://d132mt2yijm03y.cloudfront.net/manufacturer/2022/floorplan/223567/VM-14663M-floor-plans-01.jpg,1,1,True
floorplan-222020,222020,Compass / Pizzaro 312-P6,Meridian Homes,Single Wide,https://www.texashomeoutlet.com/plan/222020/compass/pizzaro-312-p6/,https://www.texashomeoutlet.com/quote/floorplan/222020/dealer/3522,https://d132mt2yijm03y.cloudfront.net/manufacturer/3311/floorplan/222020/312.jpg,1,1,True
floorplan-222022,222022,Compass / Galindo 225,Meridian Homes,Single Wide,https://www.texashomeoutlet.com/plan/222022/compass/galindo-225/,https://www.texashomeoutlet.com/quote/floorplan/222022/dealer/3522,https://d132mt2yijm03y.cloudfront.net/manufacturer/3311/floorplan/222022/225.png,1,1,True
floorplan-222026,222026,Compass / Cortés 230,Meridian Homes,Single Wide,https://www.texashomeoutlet.com/plan/222026/compass/cort%C3%A9s-230/,https://www.texashomeoutlet.com/quote/floorplan/222026/dealer/3522,https://d132mt2yijm03y.cloudfront.net/manufacturer/3311/floorplan/222026/230.jpg,1,1,True
floorplan-222038,222038,Compass / Ocampo 2306P,Meridian Homes,Double Wide,https://www.texashomeoutlet.com/plan/222038/compass/ocampo-2306p/,https://www.texashomeoutlet.com/quote/floorplan/222038/dealer/3522,https://d132mt2yijm03y.cloudfront.net/manufacturer/3311/floorplan/222038/2306P.jpg,0,1,True
floorplan-223568,223568,Valu Maxx / VM-14763M,Cavco Homes of Texas,Single Wide,https://www.texashomeoutlet.com/plan/223568/valu-maxx/vm-14763m/,https://www.texashomeoutlet.com/quote/floorplan/223568/dealer/3522,https://d132mt2yijm03y.cloudfront.net/manufacturer/2022/floorplan/223568/VM-14763M-floor-plans.jpg,1,1,True
floorplan-223569,223569,Valu Maxx / VM-28563M,Cavco Homes of Texas,Double Wide,https://www.texashomeoutlet.com/plan/223569/valu-maxx/vm-28563m/,https://www.texashomeoutlet.com/quote/floorplan/223569/dealer/3522,https://d132mt2yijm03y.cloudfront.net/manufacturer/2022/floorplan/223569/VM-28563M-floor-plans.jpg,1,1,True
floorplan-224381,224381,The Elite Series / The Lincoln ELS16763B,Jessup Housing,Single Wide,https://www.texashomeoutlet.com/plan/224381/the-elite-series/the-lincoln-els16763b/,https://www.texashomeoutlet.com/quote/floorplan/224381/dealer/3522,https://d132mt2yijm03y.cloudfront.net/manufacturer/3328/floorplan/224381/The%20Lincoln%20ELS16763B.jpg,1,1,True
floorplan-224810,224810,The Elite Series / The Murphy ELT32764A,Jessup Housing,Double Wide,https://www.texashomeoutlet.com/plan/224810/the-elite-series/the-murphy-elt32764a/,https://www.texashomeoutlet.com/quote/floorplan/224810/dealer/3522,https://d132mt2yijm03y.cloudfront.net/manufacturer/3328/floorplan/224810/The%20Murphy%20ELT32764A.jpg,1,1,True
floorplan-225053,225053,New Vision / The Big Steve,New Vision Manufacturing,Double Wide,https://www.texashomeoutlet.com/plan/225053/new-vision/the-big-steve/,https://www.texashomeoutlet.com/quote/floorplan/225053/dealer/3522,https://d132mt2yijm03y.cloudfront.net/manufacturer/3335/floorplan/225053/the-big-steve-floor-plans.jpg,1,1,True
floorplan-225054,225054,New Vision / The Willison,New Vision Manufacturing,Single Wide,https://www.texashomeoutlet.com/plan/225054/new-vision/the-willison/,https://www.texashomeoutlet.com/quote/floorplan/225054/dealer/3522,https://d132mt2yijm03y.cloudfront.net/manufacturer/3335/floorplan/225054/The-Willison-floor-plans.jpg,1,1,True
floorplan-225062,225062,New Vision / The Bobby Jo,New Vision Manufacturing,Single Wide,https://www.texashomeoutlet.com/plan/225062/new-vision/the-bobby-jo/,https://www.texashomeoutlet.com/quote/floorplan/225062/dealer/3522,https://d132mt2yijm03y.cloudfront.net/manufacturer/3335/floorplan/225062/the%20bobby%20jo%20floor-plans.jpg,1,1,True
floorplan-225063,225063,Park House / The Vail,New Vision Manufacturing,Park Model,https://www.texashomeoutlet.com/plan/225063/park-house/the-vail/,https://www.texashomeoutlet.com/quote/floorplan/225063/dealer/3522,https://d132mt2yijm03y.cloudfront.net/manufacturer/3335/floorplan/225063/the-vail-floor-plans.jpg,1,1,True
floorplan-225068,225068,Valu Maxx Premier / VY-32684E,Cavco Homes of Texas,Double Wide,https://www.texashomeoutlet.com/plan/225068/valu-maxx-premier/vy-32684e/,https://www.texashomeoutlet.com/quote/floorplan/225068/dealer/3522,https://d132mt2yijm03y.cloudfront.net/manufacturer/2022/floorplan/225068/VY-32684E-floor-plans-01.jpg,1,1,True
floorplan-225696,225696,The Elite Series / The Eisenhower ELT32603A,Jessup Housing,Double Wide,https://www.texashomeoutlet.com/plan/225696/the-elite-series/the-eisenhower-elt32603a/,https://www.texashomeoutlet.com/quote/floorplan/225696/dealer/3522,https://d132mt2yijm03y.cloudfront.net/manufacturer/3328/floorplan/225696/The%20Eisenhower%20ELT32603A.jpg,1,1,True
floorplan-225947,225947,Prairie Dune / 8785E,Skyline Homes,Single Wide,https://www.texashomeoutlet.com/plan/225947/prairie-dune/8785e/,https://www.texashomeoutlet.com/quote/floorplan/225947/dealer/3522,https://d132mt2yijm03y.cloudfront.net/manufacturer/2045/floorplan/225947/8785E-floor-plans.jpg,1,1,True
floorplan-226536,226536,Independent / The Farmhouse Flex SLT32603A,Clayton Sulphur Springs,Double Wide,https://www.texashomeoutlet.com/plan/226536/independent/the-farmhouse-flex-slt32603a/,https://www.texashomeoutlet.com/quote/floorplan/226536/dealer/3522,https://d132mt2yijm03y.cloudfront.net/manufacturer/2025/floorplan/226536/floor-plans-SMALL%20%285%29.jpg,1,1,True
floorplan-226547,226547,Solution / The Crazy Eights SLC28564A,Clayton Sulphur Springs,Double Wide,https://www.texashomeoutlet.com/plan/226547/solution/the-crazy-eights-slc28564a/,https://www.texashomeoutlet.com/quote/floorplan/226547/dealer/3522,https://d132mt2yijm03y.cloudfront.net/manufacturer/2025/floorplan/226547/floor-plans-SMALL%20%284%29.jpg,1,1,True
floorplan-226548,226548,Solution / The Pt 78 SLT28563D,Clayton Sulphur Springs,Double Wide,https://www.texashomeoutlet.com/plan/226548/solution/the-pt-78-slt28563d/,https://www.texashomeoutlet.com/quote/floorplan/226548/dealer/3522,https://d132mt2yijm03y.cloudfront.net/manufacturer/2025/floorplan/226548/floor-plans-SMALL%20%282%29.jpg,1,1,True
floorplan-226552,226552,Solution / The Choice SLC28724A,Clayton Sulphur Springs,Double Wide,https://www.texashomeoutlet.com/plan/226552/solution/the-choice-slc28724a/,https://www.texashomeoutlet.com/quote/floorplan/226552/dealer/3522,https://d132mt2yijm03y.cloudfront.net/manufacturer/2025/floorplan/226552/floor-plans-SMALL%20%288%29.jpg,1,1,True
floorplan-226580,226580,Premier / The Iberville 1676H32001,Champion Homes,Single Wide,https://www.texashomeoutlet.com/plan/226580/premier/the-iberville-1676h32001/,https://www.texashomeoutlet.com/quote/floorplan/226580/dealer/3522,https://d132mt2yijm03y.cloudfront.net/manufacturer/3373/floorplan/226580/025CHPR-1676H32001%20Iberville%20floor-plans-SMALL.jpg,1,1,True
floorplan-226583,226583,Premier / The Loyola 1676H32008,Champion Homes,Single Wide,https://www.texashomeoutlet.com/plan/226583/premier/the-loyola-1676h32008/,https://www.texashomeoutlet.com/quote/floorplan/226583/dealer/3522,https://d132mt2yijm03y.cloudfront.net/manufacturer/3373/floorplan/226583/The%20Loyola%201676H32008%20floor-plans-SMALL.jpg,1,1,True
floorplan-226992,226992,Contemporary Cabin / A700,Skyline Homes,Single Wide,https://www.texashomeoutlet.com/plan/226992/contemporary-cabin/a700/,https://www.texashomeoutlet.com/quote/floorplan/226992/dealer/3522,https://d132mt2yijm03y.cloudfront.net/manufacturer/2045/floorplan/226992/A700B%20floor-plans.jpg,1,1,True
floorplan-226993,226993,Contemporary Cabin / A701,Skyline Homes,Single Wide,https://www.texashomeoutlet.com/plan/226993/contemporary-cabin/a701/,https://www.texashomeoutlet.com/quote/floorplan/226993/dealer/3522,https://d132mt2yijm03y.cloudfront.net/manufacturer/2045/floorplan/226993/701%20floor-plans-SMALL.jpg,1,1,True
floorplan-226994,226994,Premier / The Carondelet 1676-H-32004,Champion Homes,Single Wide,https://www.texashomeoutlet.com/plan/226994/premier/the-carondelet-1676-h-32004/,https://www.texashomeoutlet.com/quote/floorplan/226994/dealer/3522,https://d132mt2yijm03y.cloudfront.net/manufacturer/3373/floorplan/226994/025CHPR-1676H32004%20Carondelet%20floor-plans-SMALL.jpg,1,1,True
floorplan-227079,227079,New Vision / The Whitehaven,New Vision Manufacturing,Double Wide,https://www.texashomeoutlet.com/plan/227079/new-vision/the-whitehaven/,https://www.texashomeoutlet.com/quote/floorplan/227079/dealer/3522,https://d132mt2yijm03y.cloudfront.net/manufacturer/3335/floorplan/227079/Whitehaven%20floor-plans.jpg,1,1,True
floorplan-227080,227080,New Vision / The Sherman,New Vision Manufacturing,Double Wide,https://www.texashomeoutlet.com/plan/227080/new-vision/the-sherman/,https://www.texashomeoutlet.com/quote/floorplan/227080/dealer/3522,https://d132mt2yijm03y.cloudfront.net/manufacturer/3335/floorplan/227080/sherman%20floor-plans-SMALL.jpg,1,1,True
floorplan-227224,227224,Premier / 0250SKPLH-1676-32003,Champion Homes,Single Wide,https://www.texashomeoutlet.com/plan/227224/premier/0250skplh-1676-32003/,https://www.texashomeoutlet.com/quote/floorplan/227224/dealer/3522,https://d132mt2yijm03y.cloudfront.net/manufacturer/3373/floorplan/227224/0250SKPLH-1676-32003%20floor-plans.jpg,1,1,True
floorplan-227253,227253,Nexus TXR / Gabriella 9576,Meridian Homes,Single Wide,https://www.texashomeoutlet.com/plan/227253/nexus-txr/gabriella-9576/,https://www.texashomeoutlet.com/quote/floorplan/227253/dealer/3522,https://d132mt2yijm03y.cloudfront.net/manufacturer/3311/floorplan/227253/LAN-9576-33962-26-02-942x585.jpg,0,2,True
floorplan-227254,227254,Nexus TXR / Isabel 9676,Meridian Homes,Single Wide,https://www.texashomeoutlet.com/plan/227254/nexus-txr/isabel-9676/,https://www.texashomeoutlet.com/quote/floorplan/227254/dealer/3522,https://d132mt2yijm03y.cloudfront.net/manufacturer/3311/floorplan/227254/Isabel%209676%20floor-plans.jpg,1,1,True
floorplan-227256,227256,Nexus TXR / Macey 9768,Meridian Homes,Double Wide,https://www.texashomeoutlet.com/plan/227256/nexus-txr/macey-9768/,https://www.texashomeoutlet.com/quote/floorplan/227256/dealer/3522,https://d132mt2yijm03y.cloudfront.net/manufacturer/3311/floorplan/227256/Macey%209768%20floor-plans.jpg,1,1,True
floorplan-227257,227257,Nexus TXR / Mariana 9776,Meridian Homes,Double Wide,https://www.texashomeoutlet.com/plan/227257/nexus-txr/mariana-9776/,https://www.texashomeoutlet.com/quote/floorplan/227257/dealer/3522,https://d132mt2yijm03y.cloudfront.net/manufacturer/3311/floorplan/227257/Mariana%209776%20floor-plans.jpg,1,1,True
floorplan-227258,227258,Nexus / Leo 9156,Meridian Homes,Single Wide,https://www.texashomeoutlet.com/plan/227258/nexus/leo-9156/,https://www.texashomeoutlet.com/quote/floorplan/227258/dealer/3522,https://d132mt2yijm03y.cloudfront.net/manufacturer/3311/floorplan/227258/LAN-9156-32349-62-11-942x585.jpg,0,2,True
floorplan-227259,227259,Nexus / Libra 9160,Meridian Homes,Single Wide,https://www.texashomeoutlet.com/plan/227259/nexus/libra-9160/,https://www.texashomeoutlet.com/quote/floorplan/227259/dealer/3522,https://d132mt2yijm03y.cloudfront.net/manufacturer/3311/floorplan/227259/Libra%209160%20floor-plans.jpg,1,1,True
floorplan-227261,227261,Nexus / Orion 9176,Meridian Homes,Single Wide,https://www.texashomeoutlet.com/plan/227261/nexus/orion-9176/,https://www.texashomeoutlet.com/quote/floorplan/227261/dealer/3522,https://d132mt2yijm03y.cloudfront.net/manufacturer/3311/floorplan/227261/Orion%209176%20floor-plans.jpg,1,1,True
floorplan-227263,227263,Nexus / Carina 9270,Meridian Homes,Single Wide,https://www.texashomeoutlet.com/plan/227263/nexus/carina-9270/,https://www.texashomeoutlet.com/quote/floorplan/227263/dealer/3522,https://d132mt2yijm03y.cloudfront.net/manufacturer/3311/floorplan/227263/Carina%209270%20floor-plans.jpg,1,1,True
floorplan-227264,227264,Nexus / Phoenix 9277,Meridian Homes,Single Wide,https://www.texashomeoutlet.com/plan/227264/nexus/phoenix-9277/,https://www.texashomeoutlet.com/quote/floorplan/227264/dealer/3522,https://d132mt2yijm03y.cloudfront.net/manufacturer/3311/floorplan/227264/Phoenix%209277%20floor-plans.jpg,1,1,True
floorplan-227265,227265,Nexus / Pegasus 9340,Meridian Homes,Double Wide,https://www.texashomeoutlet.com/plan/227265/nexus/pegasus-9340/,https://www.texashomeoutlet.com/quote/floorplan/227265/dealer/3522,https://d132mt2yijm03y.cloudfront.net/manufacturer/3311/floorplan/227265/LAN-9340-34163-24-01-942x585.jpg,0,2,True
floorplan-227266,227266,Nexus / Columbia 9344,Meridian Homes,Double Wide,https://www.texashomeoutlet.com/plan/227266/nexus/columbia-9344/,https://www.texashomeoutlet.com/quote/floorplan/227266/dealer/3522,https://d132mt2yijm03y.cloudfront.net/manufacturer/3311/floorplan/227266/Columbia%209344%20floor-plans.jpg,1,1,True
floorplan-227267,227267,Nexus / Andromeda 9348,Meridian Homes,Double Wide,https://www.texashomeoutlet.com/plan/227267/nexus/andromeda-9348/,https://www.texashomeoutlet.com/quote/floorplan/227267/dealer/3522,https://d132mt2yijm03y.cloudfront.net/manufacturer/3311/floorplan/227267/LAN-9348-32452-45-01-1024x683.jpg,0,2,True
floorplan-227269,227269,Nexus / Taurus 9366,Meridian Homes,Double Wide,https://www.texashomeoutlet.com/plan/227269/nexus/taurus-9366/,https://www.texashomeoutlet.com/quote/floorplan/227269/dealer/3522,https://d132mt2yijm03y.cloudfront.net/manufacturer/3311/floorplan/227269/Taurus%209366%20floor-plans.jpg,1,1,True
floorplan-227313,227313,New Vision / The Fiesta,New Vision Manufacturing,Double Wide,https://www.texashomeoutlet.com/plan/227313/new-vision/the-fiesta/,https://www.texashomeoutlet.com/quote/floorplan/227313/dealer/3522,https://d132mt2yijm03y.cloudfront.net/manufacturer/3335/floorplan/227313/fiesta%20fixed%20floor-plans-SMALL.jpg,1,1,True
floorplan-227617,227617,Prairie Dune / 8850,Skyline Homes,Double Wide,https://www.texashomeoutlet.com/plan/227617/prairie-dune/8850/,https://www.texashomeoutlet.com/quote/floorplan/227617/dealer/3522,https://d132mt2yijm03y.cloudfront.net/manufacturer/2045/floorplan/227617/galaxy-2300-floor-plans.jpg,1,1,True
floorplan-227808,227808,Skyline / The Frenchman 1676-H-32003,Skyline Homes,Single Wide,https://www.texashomeoutlet.com/plan/227808/skyline/the-frenchman-1676-h-32003/,https://www.texashomeoutlet.com/quote/floorplan/227808/dealer/3522,https://d132mt2yijm03y.cloudfront.net/manufacturer/3339/floorplan/227808/frenchman%20floor-plans-SMALL.jpg,1,1,True
floorplan-227875,227875,Valu Maxx Premier / VY-16683E,Cavco Homes of Texas,Single Wide,https://www.texashomeoutlet.com/plan/227875/valu-maxx-premier/vy-16683e/,https://www.texashomeoutlet.com/quote/floorplan/227875/dealer/3522,https://d132mt2yijm03y.cloudfront.net/manufacturer/2022/floorplan/227875/VY-16683E-floor-plans.jpg,1,1,True
floorplan-227877,227877,Valu Maxx Premier / VY-32563E,Cavco Homes of Texas,Double Wide,https://www.texashomeoutlet.com/plan/227877/valu-maxx-premier/vy-32563e/,https://www.texashomeoutlet.com/quote/floorplan/227877/dealer/3522,https://d132mt2yijm03y.cloudfront.net/manufacturer/2022/floorplan/227877/32563F%20new.jpg,1,1,True
floorplan-228492,228492,Independent / The Renegade SLT28483B,Clayton Sulphur Springs,Double Wide,https://www.texashomeoutlet.com/plan/228492/independent/the-renegade-slt28483b/,https://www.texashomeoutlet.com/quote/floorplan/228492/dealer/3522,https://d132mt2yijm03y.cloudfront.net/manufacturer/2025/floorplan/228492/floor-plans-SMALL%20%281%29.jpg,1,1,True
floorplan-228520,228520,Premier / The Orleans 3276H42001,Champion Homes,Double Wide,https://www.texashomeoutlet.com/plan/228520/premier/the-orleans-3276h42001/,https://www.texashomeoutlet.com/quote/floorplan/228520/dealer/3522,https://d132mt2yijm03y.cloudfront.net/manufacturer/3373/floorplan/228520/The%20Orleans%203276H42001%20floor-plans-SMALL.jpg,1,1,True
floorplan-228521,228521,Palmetto / The Tulane 1676H32011,Skyline Homes,Single Wide,https://www.texashomeoutlet.com/plan/228521/palmetto/the-tulane-1676h32011/,https://www.texashomeoutlet.com/quote/floorplan/228521/dealer/3522,https://d132mt2yijm03y.cloudfront.net/manufacturer/3339/floorplan/228521/tulane%20floor-plans-SMALL.jpg,1,1,True
floorplan-228522,228522,Palmetto / The Magnolia 3276H42002,Skyline Homes,Double Wide,https://www.texashomeoutlet.com/plan/228522/palmetto/the-magnolia-3276h42002/,https://www.texashomeoutlet.com/quote/floorplan/228522/dealer/3522,https://d132mt2yijm03y.cloudfront.net/manufacturer/3339/floorplan/228522/magnolia%20floor-plans-SMALL.jpg,1,1,True
floorplan-228865,228865,The Elite Series / The Royal ELT32685B,Jessup Housing,Double Wide,https://www.texashomeoutlet.com/plan/228865/the-elite-series/the-royal-elt32685b/,https://www.texashomeoutlet.com/quote/floorplan/228865/dealer/3522,https://d132mt2yijm03y.cloudfront.net/manufacturer/3328/floorplan/228865/The%20Royal%20ELT32685B.jpg,1,1,True
floorplan-229053,229053,Prairie Dune / 8978,Skyline Homes,Double Wide,https://www.texashomeoutlet.com/plan/229053/prairie-dune/8978/,https://www.texashomeoutlet.com/quote/floorplan/229053/dealer/3522,https://d132mt2yijm03y.cloudfront.net/manufacturer/2045/floorplan/229053/8978-floor-plans-SMALL.jpg,1,1,True
floorplan-229054,229054,Skyliner / 4765B,Skyline Homes,Double Wide,https://www.texashomeoutlet.com/plan/229054/skyliner/4765b/,https://www.texashomeoutlet.com/quote/floorplan/229054/dealer/3522,https://d132mt2yijm03y.cloudfront.net/manufacturer/2045/floorplan/229054/4765-floor-plans-SMALL.jpg,1,1,True
floorplan-229761,229761,Alpine Series / The Atlas 32SAP32744AH,Schult Waco 2,Double Wide,https://www.texashomeoutlet.com/plan/229761/alpine-series/the-atlas-32sap32744ah/,https://www.texashomeoutlet.com/quote/floorplan/229761/dealer/3522,https://d132mt2yijm03y.cloudfront.net/manufacturer/3315/floorplan/229761/the-atlas-floor-plans-SMALL.jpg,1,1,True
floorplan-229764,229764,Alpine Series / The Sierra 32SAP32604AH,Schult Waco 2,Double Wide,https://www.texashomeoutlet.com/plan/229764/alpine-series/the-sierra-32sap32604ah/,https://www.texashomeoutlet.com/quote/floorplan/229764/dealer/3522,https://d132mt2yijm03y.cloudfront.net/manufacturer/3315/floorplan/229764/floor-plans-SMALL.jpg,1,1,True
floorplan-229984,229984,Prairie Dune / 8801,Skyline Homes,Double Wide,https://www.texashomeoutlet.com/plan/229984/prairie-dune/8801/,https://www.texashomeoutlet.com/quote/floorplan/229984/dealer/3522,https://d132mt2yijm03y.cloudfront.net/manufacturer/2045/floorplan/229984/floor-plans-SMALL.jpg,1,1,True
floorplan-230051,230051,Premier / The Magazine,Champion Homes,Double Wide,https://www.texashomeoutlet.com/plan/230051/premier/the-magazine/,https://www.texashomeoutlet.com/quote/floorplan/230051/dealer/3522,https://d132mt2yijm03y.cloudfront.net/manufacturer/3373/floorplan/230051/The%20Magazine%20floor-plans-SMALL.jpg,1,1,True
floorplan-230137,230137,Skyline / The Royal 1660-H-22001,Skyline Homes,Single Wide,https://www.texashomeoutlet.com/plan/230137/skyline/the-royal-1660-h-22001/,https://www.texashomeoutlet.com/quote/floorplan/230137/dealer/3522,https://d132mt2yijm03y.cloudfront.net/manufacturer/3339/floorplan/230137/royal%20floor-plans-SMALL.jpg,1,1,True
floorplan-230325,230325,Palmetto / The Claiborne 1676H32006,Skyline Homes,Single Wide,https://www.texashomeoutlet.com/plan/230325/palmetto/the-claiborne-1676h32006/,https://www.texashomeoutlet.com/quote/floorplan/230325/dealer/3522,https://d132mt2yijm03y.cloudfront.net/manufacturer/3339/floorplan/230325/Claiborne%20%20floor-plans-SMALL.jpg,1,1,True
floorplan-230484,230484,Nexus TXR / Bella 9876,Meridian Homes,Double Wide,https://www.texashomeoutlet.com/plan/230484/nexus-txr/bella-9876/,https://www.texashomeoutlet.com/quote/floorplan/230484/dealer/3522,,1,0,True
floorplan-231171,231171,The Elite Series / The Roosevelt ELT32563A,Jessup Housing,Double Wide,https://www.texashomeoutlet.com/plan/231171/the-elite-series/the-roosevelt-elt32563a/,https://www.texashomeoutlet.com/quote/floorplan/231171/dealer/3522,https://d132mt2yijm03y.cloudfront.net/manufacturer/3328/floorplan/231171/The%20Roosevelt%20ELT32563A.jpg,1,1,True
floorplan-231478,231478,New Vision / The Charleston,New Vision Manufacturing,Double Wide,https://www.texashomeoutlet.com/plan/231478/new-vision/the-charleston/,https://www.texashomeoutlet.com/quote/floorplan/231478/dealer/3522,https://d132mt2yijm03y.cloudfront.net/manufacturer/3335/floorplan/231478/The%20Charleston%20floor-plans-SMALL%20%282%29.jpg,1,1,True
floorplan-231493,231493,The Titanium Single / The Cypress TTM16763C,Jessup Housing,Single Wide,https://www.texashomeoutlet.com/plan/231493/the-titanium-single/the-cypress-ttm16763c/,https://www.texashomeoutlet.com/quote/floorplan/231493/dealer/3522,https://d132mt2yijm03y.cloudfront.net/manufacturer/3328/floorplan/231493/The%20Cypress%20TTM16763C%201.jpg,1,1,True
floorplan-231494,231494,The Promotional Series / The Atlantis FAC16763B,Jessup Housing,Single Wide,https://www.texashomeoutlet.com/plan/231494/the-promotional-series/the-atlantis-fac16763b/,https://www.texashomeoutlet.com/quote/floorplan/231494/dealer/3522,https://d132mt2yijm03y.cloudfront.net/manufacturer/3328/floorplan/231494/The%20Atlantis%20FAC16763B.jpg,1,1,True
floorplan-231495,231495,The Titanium Double / The Palmer TTM32603A,Jessup Housing,Double Wide,https://www.texashomeoutlet.com/plan/231495/the-titanium-double/the-palmer-ttm32603a/,https://www.texashomeoutlet.com/quote/floorplan/231495/dealer/3522,https://d132mt2yijm03y.cloudfront.net/manufacturer/3328/floorplan/231495/The%20Palmer%20TTM32603A.jpg,1,1,True
floorplan-231496,231496,The Titanium Single / The Baytown TTM16763B,Jessup Housing,Single Wide,https://www.texashomeoutlet.com/plan/231496/the-titanium-single/the-baytown-ttm16763b/,https://www.texashomeoutlet.com/quote/floorplan/231496/dealer/3522,,1,0,True
floorplan-231498,231498,Champion Warehouse / The Desire 3268-42080,Champion Homes,Double Wide,https://www.texashomeoutlet.com/plan/231498/champion-warehouse/the-desire-3268-42080/,https://www.texashomeoutlet.com/quote/floorplan/231498/dealer/3522,https://d132mt2yijm03y.cloudfront.net/manufacturer/3373/floorplan/231498/desire%20floor-plans-SMALL.jpg,1,1,True
floorplan-231581,231581,Epic Experience / The Explorer CEE28563CH,Southern Energy Homes,Double Wide,https://www.texashomeoutlet.com/plan/231581/epic-experience/the-explorer-cee28563ch/,https://www.texashomeoutlet.com/quote/floorplan/231581/dealer/3522,https://d132mt2yijm03y.cloudfront.net/manufacturer/1997/floorplan/231581/CEE28563CH_30M037_Explorer_Charwood_1-Foyer.jpg,0,2,True
floorplan-231591,231591,Epic Experience / The Snowcap CEE28764BH,Southern Energy Homes,Double Wide,https://www.texashomeoutlet.com/plan/231591/epic-experience/the-snowcap-cee28764bh/,https://www.texashomeoutlet.com/quote/floorplan/231591/dealer/3522,https://d132mt2yijm03y.cloudfront.net/manufacturer/1997/floorplan/231591/CEE28764BH_30M036_Snowcap_Charwood_1-Overall.jpg,0,2,True
floorplan-231592,231592,The Titanium Double / The Daly TTM32563A,Jessup Housing,Double Wide,https://www.texashomeoutlet.com/plan/231592/the-titanium-double/the-daly-ttm32563a/,https://www.texashomeoutlet.com/quote/floorplan/231592/dealer/3522,https://d132mt2yijm03y.cloudfront.net/manufacturer/3328/floorplan/231592/The%20Daly%20TTM32563A%202.jpg,1,1,True
floorplan-231775,231775,Valu Maxx Premier / VY-32643E,Cavco Homes of Texas,Double Wide,https://www.texashomeoutlet.com/plan/231775/valu-maxx-premier/vy-32643e/,https://www.texashomeoutlet.com/quote/floorplan/231775/dealer/3522,https://d132mt2yijm03y.cloudfront.net/manufacturer/2022/floorplan/231775/floor-plans-SMALL.jpg,1,1,True
floorplan-231851,231851,Premier / The Sabine,Champion Homes,Single Wide,https://www.texashomeoutlet.com/plan/231851/premier/the-sabine/,https://www.texashomeoutlet.com/quote/floorplan/231851/dealer/3522,https://d132mt2yijm03y.cloudfront.net/manufacturer/3373/floorplan/231851/The%20Sabine.jpg,1,1,True
floorplan-231856,231856,Genesis / 9302,Skyline Homes,Double Wide,https://www.texashomeoutlet.com/plan/231856/genesis/9302/,https://www.texashomeoutlet.com/quote/floorplan/231856/dealer/3522,https://d132mt2yijm03y.cloudfront.net/manufacturer/2045/floorplan/231856/9302%20floor-plans-SMALL.png,1,1,True
floorplan-231909,231909,Champion Warehouse / The Pelican 2856H32065,Champion Homes,Double Wide,https://www.texashomeoutlet.com/plan/231909/champion-warehouse/the-pelican-2856h32065/,https://www.texashomeoutlet.com/quote/floorplan/231909/dealer/3522,https://d132mt2yijm03y.cloudfront.net/manufacturer/3373/floorplan/231909/pelican%20floor-plans-SMALL.jpg,1,1,True
floorplan-231910,231910,Premier / The Pontchartrain 3264H3252,Champion Homes,Double Wide,https://www.texashomeoutlet.com/plan/231910/premier/the-pontchartrain-3264h3252/,https://www.texashomeoutlet.com/quote/floorplan/231910/dealer/3522,https://d132mt2yijm03y.cloudfront.net/manufacturer/3373/floorplan/231910/floor-plans-SMALL.jpg,1,1,True
floorplan-231911,231911,Premier / The Zephyr 1676H32034,Champion Homes,Single Wide,https://www.texashomeoutlet.com/plan/231911/premier/the-zephyr-1676h32034/,https://www.texashomeoutlet.com/quote/floorplan/231911/dealer/3522,https://d132mt2yijm03y.cloudfront.net/manufacturer/3373/floorplan/231911/025CHPR-1676H32034%20Zephyr%20floor-plans-SMALL.jpg,1,1,True
floorplan-231916,231916,New Vision / The Tony,New Vision Manufacturing,Single Wide,https://www.texashomeoutlet.com/plan/231916/new-vision/the-tony/,https://www.texashomeoutlet.com/quote/floorplan/231916/dealer/3522,https://d132mt2yijm03y.cloudfront.net/manufacturer/3335/floorplan/231916/the%20tony%20floor-plans-SMALL.png,1,1,True
floorplan-232171,232171,New Vision / The Stephens,New Vision Manufacturing,Double Wide,https://www.texashomeoutlet.com/plan/232171/new-vision/the-stephens/,https://www.texashomeoutlet.com/quote/floorplan/232171/dealer/3522,https://d132mt2yijm03y.cloudfront.net/manufacturer/3335/floorplan/232171/The%20Stephens%20floor-plans-SMALL.jpg,1,1,True
floorplan-232172,232172,Park House / The Copperwood,New Vision Manufacturing,Park Model,https://www.texashomeoutlet.com/plan/232172/park-house/the-copperwood/,https://www.texashomeoutlet.com/quote/floorplan/232172/dealer/3522,https://d132mt2yijm03y.cloudfront.net/manufacturer/3335/floorplan/232172/The%20Copperwood%20floor-plans-SMALL.png,1,1,True
floorplan-232767,232767,Valu Maxx Premier / VY-32684F,Cavco Homes of Texas,Double Wide,https://www.texashomeoutlet.com/plan/232767/valu-maxx-premier/vy-32684f/,https://www.texashomeoutlet.com/quote/floorplan/232767/dealer/3522,https://d132mt2yijm03y.cloudfront.net/manufacturer/2022/floorplan/232767/VY-32684F%20floor-plans-SMALL.jpg,1,1,True
floorplan-232808,232808,Solution / Hercules SLT32764A,Clayton Sulphur Springs,Double Wide,https://www.texashomeoutlet.com/plan/232808/solution/hercules-slt32764a/,https://www.texashomeoutlet.com/quote/floorplan/232808/dealer/3522,https://d132mt2yijm03y.cloudfront.net/manufacturer/2025/floorplan/232808/floor-plans-SMALL%20%2810%29.jpg,1,1,True
floorplan-232809,232809,Independent / Anatolia XL SLT28683AH,Clayton Sulphur Springs,Double Wide,https://www.texashomeoutlet.com/plan/232809/independent/anatolia-xl-slt28683ah/,https://www.texashomeoutlet.com/quote/floorplan/232809/dealer/3522,https://d132mt2yijm03y.cloudfront.net/manufacturer/2025/floorplan/232809/floor-plans-SMALL.jpg,1,1,True
floorplan-232844,232844,Park House / The Anderson,New Vision Manufacturing,Park Model,https://www.texashomeoutlet.com/plan/232844/park-house/the-anderson/,https://www.texashomeoutlet.com/quote/floorplan/232844/dealer/3522,https://d132mt2yijm03y.cloudfront.net/manufacturer/3335/floorplan/232844/The%20Anderson%20floor-plans-SMALL.jpg,1,1,True
floorplan-232970,232970,The Titanium Double / The Hogan TTM32765A,Jessup Housing,Double Wide,https://www.texashomeoutlet.com/plan/232970/the-titanium-double/the-hogan-ttm32765a/,https://www.texashomeoutlet.com/quote/floorplan/232970/dealer/3522,https://d132mt2yijm03y.cloudfront.net/manufacturer/3328/floorplan/232970/The%20Hogan%20TTM32765A%201.jpg,1,1,True
floorplan-233333,233333,Alpine Series / The Fuji 32SAP28744AH,Schult Waco 2,Double Wide,https://www.texashomeoutlet.com/plan/233333/alpine-series/the-fuji-32sap28744ah/,https://www.texashomeoutlet.com/quote/floorplan/233333/dealer/3522,https://d132mt2yijm03y.cloudfront.net/manufacturer/3315/floorplan/233333/floor-plans-SMALL%20%281%29.jpg,1,1,True
floorplan-233334,233334,Alpine Series / El Capitan 32SAP32563AH,Schult Waco 2,Double Wide,https://www.texashomeoutlet.com/plan/233334/alpine-series/el-capitan-32sap32563ah/,https://www.texashomeoutlet.com/quote/floorplan/233334/dealer/3522,https://d132mt2yijm03y.cloudfront.net/manufacturer/3315/floorplan/233334/floor-plans-SMALL.jpg,1,1,True
floorplan-233569,233569,Premier / Du Monde 3260H32400,Champion Homes,Double Wide,https://www.texashomeoutlet.com/plan/233569/premier/du-monde-3260h32400/,https://www.texashomeoutlet.com/quote/floorplan/233569/dealer/3522,https://d132mt2yijm03y.cloudfront.net/manufacturer/3373/floorplan/233569/dumonde.jpg,1,1,True
floorplan-233570,233570,Premier / McAlister 1676H32107,Champion Homes,Single Wide,https://www.texashomeoutlet.com/plan/233570/premier/mcalister-1676h32107/,https://www.texashomeoutlet.com/quote/floorplan/233570/dealer/3522,https://d132mt2yijm03y.cloudfront.net/manufacturer/3373/floorplan/233570/McAlister%201676H32107.jpg,1,1,True
floorplan-233614,233614,The Promotional Series / The Nassau FAC28483A,Jessup Housing,Double Wide,https://www.texashomeoutlet.com/plan/233614/the-promotional-series/the-nassau-fac28483a/,https://www.texashomeoutlet.com/quote/floorplan/233614/dealer/3522,https://d132mt2yijm03y.cloudfront.net/manufacturer/3328/floorplan/233614/The%20Nassau%20FAC28483A%201.jpg,1,1,True
floorplan-233615,233615,The Promotional Series / The Cuatro FAC18764A,Jessup Housing,Single Wide,https://www.texashomeoutlet.com/plan/233615/the-promotional-series/the-cuatro-fac18764a/,https://www.texashomeoutlet.com/quote/floorplan/233615/dealer/3522,https://d132mt2yijm03y.cloudfront.net/manufacturer/3328/floorplan/233615/The%20Cuatro%20FAC18764A%201.jpg,1,1,True
floorplan-233618,233618,The Promotional Series / Molly FAC16602A,Jessup Housing,Single Wide,https://www.texashomeoutlet.com/plan/233618/the-promotional-series/molly-fac16602a/,https://www.texashomeoutlet.com/quote/floorplan/233618/dealer/3522,https://d132mt2yijm03y.cloudfront.net/manufacturer/3328/floorplan/233618/Molly%20FAC16602A.jpg,1,1,True
floorplan-233637,233637,Premier / Zurich 2876H43389,Champion Homes,Double Wide,https://www.texashomeoutlet.com/plan/233637/premier/zurich-2876h43389/,https://www.texashomeoutlet.com/quote/floorplan/233637/dealer/3522,https://d132mt2yijm03y.cloudfront.net/manufacturer/3373/floorplan/233637/zurich.jpg,0,1,True
floorplan-233638,233638,Premier / The Jazz 1676H32325,Champion Homes,Single Wide,https://www.texashomeoutlet.com/plan/233638/premier/the-jazz-1676h32325/,https://www.texashomeoutlet.com/quote/floorplan/233638/dealer/3522,https://d132mt2yijm03y.cloudfront.net/manufacturer/3373/floorplan/233638/jazz.jpg,1,1,True
floorplan-233639,233639,Premier / Bourbon 3276H42398,Champion Homes,Double Wide,https://www.texashomeoutlet.com/plan/233639/premier/bourbon-3276h42398/,https://www.texashomeoutlet.com/quote/floorplan/233639/dealer/3522,https://d132mt2yijm03y.cloudfront.net/manufacturer/3373/floorplan/233639/skyline%20bourbon.jpg,1,1,True
floorplan-233640,233640,The Titanium Single / The Pinehurst TTM16763D,Jessup Housing,Single Wide,https://www.texashomeoutlet.com/plan/233640/the-titanium-single/the-pinehurst-ttm16763d/,https://www.texashomeoutlet.com/quote/floorplan/233640/dealer/3522,https://d132mt2yijm03y.cloudfront.net/manufacturer/3328/floorplan/233640/The%20Pinehurst%20TTM16763D%202.jpg,1,1,True
floorplan-233809,233809,Compass / Houtman 766-P6,Meridian Homes,Single Wide,https://www.texashomeoutlet.com/plan/233809/compass/houtman-766-p6/,https://www.texashomeoutlet.com/quote/floorplan/233809/dealer/3522,https://d132mt2yijm03y.cloudfront.net/manufacturer/3311/floorplan/233809/houtman.jpg,1,1,True
floorplan-233831,233831,Valu Maxx Premier / 16763A,Cavco Homes of Texas,Single Wide,https://www.texashomeoutlet.com/plan/233831/valu-maxx-premier/16763a/,https://www.texashomeoutlet.com/quote/floorplan/233831/dealer/3522,https://d132mt2yijm03y.cloudfront.net/manufacturer/2022/floorplan/233831/16763A.jpg,1,1,True
floorplan-233872,233872,Anthem / The Roanoke Duplex,Cavco Homes of Texas,Single Wide,https://www.texashomeoutlet.com/plan/233872/anthem/the-roanoke-duplex/,https://www.texashomeoutlet.com/quote/floorplan/233872/dealer/3522,https://d132mt2yijm03y.cloudfront.net/manufacturer/2022/floorplan/233872/Cumberland%20Duplex.jpg,1,1,True
floorplan-233873,233873,Anthem / The Cumberland Duplex,Cavco Homes of Texas,Single Wide,https://www.texashomeoutlet.com/plan/233873/anthem/the-cumberland-duplex/,https://www.texashomeoutlet.com/quote/floorplan/233873/dealer/3522,https://d132mt2yijm03y.cloudfront.net/manufacturer/2022/floorplan/233873/Roanoke.jpg,1,1,True
floorplan-233874,233874,Anthem / The Sugar Run Duplex,Cavco Homes of Texas,Single Wide,https://www.texashomeoutlet.com/plan/233874/anthem/the-sugar-run-duplex/,https://www.texashomeoutlet.com/quote/floorplan/233874/dealer/3522,https://d132mt2yijm03y.cloudfront.net/manufacturer/2022/floorplan/233874/Sugar%20Run%20layout.jpg,1,1,True
floorplan-233877,233877,Valu Maxx / 28483M,Cavco Homes of Texas,Double Wide,https://www.texashomeoutlet.com/plan/233877/valu-maxx/28483m/,https://www.texashomeoutlet.com/quote/floorplan/233877/dealer/3522,https://d132mt2yijm03y.cloudfront.net/manufacturer/2022/floorplan/233877/28483M.jpg,1,1,True
floorplan-234346,234346,Premier / The Darlington NM3252A,Champion Homes,Double Wide,https://www.texashomeoutlet.com/plan/234346/premier/the-darlington-nm3252a/,https://www.texashomeoutlet.com/quote/floorplan/234346/dealer/3522,https://d132mt2yijm03y.cloudfront.net/manufacturer/3373/floorplan/234346/The%20Darlington%20NM3252A.png,1,1,True
floorplan-234357,234357,The Titanium Double / The Player TTM32644A,Jessup Housing,Double Wide,https://www.texashomeoutlet.com/plan/234357/the-titanium-double/the-player-ttm32644a/,https://www.texashomeoutlet.com/quote/floorplan/234357/dealer/3522,https://d132mt2yijm03y.cloudfront.net/manufacturer/3328/floorplan/234357/The%20Player%20TTM32644A.jpg,1,1,True
floorplan-234607,234607,Embrace Series / Space 3276H53A7E,Skyline Homes,Double Wide,https://www.texashomeoutlet.com/plan/234607/embrace-series/space-3276h53a7e/,https://www.texashomeoutlet.com/quote/floorplan/234607/dealer/3522,https://d132mt2yijm03y.cloudfront.net/manufacturer/2045/floorplan/234607/floor-plans-SMALL.jpg,1,1,True
floorplan-234814,234814,Genesis / 9921A,Skyline Homes,Double Wide,https://www.texashomeoutlet.com/plan/234814/genesis/9921a/,https://www.texashomeoutlet.com/quote/floorplan/234814/dealer/3522,https://d132mt2yijm03y.cloudfront.net/manufacturer/2045/floorplan/234814/9921A.jpg,1,1,True
floorplan-234918,234918,New Vision / The Suite Sara,New Vision Manufacturing,Double Wide,https://www.texashomeoutlet.com/plan/234918/new-vision/the-suite-sara/,https://www.texashomeoutlet.com/quote/floorplan/234918/dealer/3522,https://d132mt2yijm03y.cloudfront.net/manufacturer/3335/floorplan/234918/Suite%20Sara.jpg,1,1,True
floorplan-234946,234946,The Elite Series / The Madison ELT32644B,Jessup Housing,Double Wide,https://www.texashomeoutlet.com/plan/234946/the-elite-series/the-madison-elt32644b/,https://www.texashomeoutlet.com/quote/floorplan/234946/dealer/3522,https://d132mt2yijm03y.cloudfront.net/manufacturer/3328/floorplan/234946/The%20Madison%20ELT32644B.jpg,1,1,True
floorplan-234947,234947,The Elite Series / The Jackson ELS16763D,Jessup Housing,Single Wide,https://www.texashomeoutlet.com/plan/234947/the-elite-series/the-jackson-els16763d/,https://www.texashomeoutlet.com/quote/floorplan/234947/dealer/3522,https://d132mt2yijm03y.cloudfront.net/manufacturer/3328/floorplan/234947/jackson.jpg,1,1,True
floorplan-234948,234948,The Elite Series / The Patton ELS16763C,Jessup Housing,Single Wide,https://www.texashomeoutlet.com/plan/234948/the-elite-series/the-patton-els16763c/,https://www.texashomeoutlet.com/quote/floorplan/234948/dealer/3522,https://d132mt2yijm03y.cloudfront.net/manufacturer/3328/floorplan/234948/The%20Patton%20ELS16763C.jpg,1,1,True
floorplan-234949,234949,The Elite Series / The Wilson ELS16763A,Jessup Housing,Single Wide,https://www.texashomeoutlet.com/plan/234949/the-elite-series/the-wilson-els16763a/,https://www.texashomeoutlet.com/quote/floorplan/234949/dealer/3522,https://d132mt2yijm03y.cloudfront.net/manufacturer/3328/floorplan/234949/The%20Wilson%20ELS16763A.jpg,1,1,True
floorplan-234951,234951,The Promotional Series / The Tropic FAC16663A,Jessup Housing,Single Wide,https://www.texashomeoutlet.com/plan/234951/the-promotional-series/the-tropic-fac16663a/,https://www.texashomeoutlet.com/quote/floorplan/234951/dealer/3522,https://d132mt2yijm03y.cloudfront.net/manufacturer/3328/floorplan/234951/The%20Tropic%20FAC16663A.jpg,1,1,True
floorplan-234952,234952,The Titanium Single / The Oakmont TTM16763E,Jessup Housing,Single Wide,https://www.texashomeoutlet.com/plan/234952/the-titanium-single/the-oakmont-ttm16763e/,https://www.texashomeoutlet.com/quote/floorplan/234952/dealer/3522,https://d132mt2yijm03y.cloudfront.net/manufacturer/3328/floorplan/234952/The%20Oakmont%20TTM16763E.jpg,1,1,True
floorplan-235177,235177,Alpine Series / The Denali 32SAP32683AH,Schult Waco 2,Double Wide,https://www.texashomeoutlet.com/plan/235177/alpine-series/the-denali-32sap32683ah/,https://www.texashomeoutlet.com/quote/floorplan/235177/dealer/3522,https://d132mt2yijm03y.cloudfront.net/manufacturer/3315/floorplan/235177/floor-plans-SMALL.jpg,1,1,True
floorplan-235402,235402,New Vision / The Big Josh,New Vision Manufacturing,Double Wide,https://www.texashomeoutlet.com/plan/235402/new-vision/the-big-josh/,https://www.texashomeoutlet.com/quote/floorplan/235402/dealer/3522,https://d132mt2yijm03y.cloudfront.net/manufacturer/3335/floorplan/235402/The%20Big%20Josh.jpg,1,1,True
floorplan-235403,235403,New Vision / The Big Bo,New Vision Manufacturing,Single Wide,https://www.texashomeoutlet.com/plan/235403/new-vision/the-big-bo/,https://www.texashomeoutlet.com/quote/floorplan/235403/dealer/3522,https://d132mt2yijm03y.cloudfront.net/manufacturer/3335/floorplan/235403/The%20Big%20Bo.jpg,1,1,True
floorplan-235404,235404,New Vision / The Fiesta 2.0,New Vision Manufacturing,Double Wide,https://www.texashomeoutlet.com/plan/235404/new-vision/the-fiesta-2.0/,https://www.texashomeoutlet.com/quote/floorplan/235404/dealer/3522,,1,0,True
floorplan-235423,235423,Premier / Drago 3276H43486,Champion Homes,Double Wide,https://www.texashomeoutlet.com/plan/235423/premier/drago-3276h43486/,https://www.texashomeoutlet.com/quote/floorplan/235423/dealer/3522,https://d132mt2yijm03y.cloudfront.net/manufacturer/3373/floorplan/235423/floor-plans-SMALL%20%285%29.jpg,1,1,True
floorplan-235424,235424,Premier / Creole 3256H32447,Champion Homes,Double Wide,https://www.texashomeoutlet.com/plan/235424/premier/creole-3256h32447/,https://www.texashomeoutlet.com/quote/floorplan/235424/dealer/3522,https://d132mt2yijm03y.cloudfront.net/manufacturer/3373/floorplan/235424/Creole%203256H32447.jpg,1,1,True
floorplan-235439,235439,Epic Journey / Magellan 43CEJ16723AH,Southern Energy Homes,Single Wide,https://www.texashomeoutlet.com/plan/235439/epic-journey/magellan-43cej16723ah/,https://www.texashomeoutlet.com/quote/floorplan/235439/dealer/3522,https://d132mt2yijm03y.cloudfront.net/manufacturer/1997/floorplan/235439/magellan.jpg,1,1,True
floorplan-235441,235441,Epic Journey / Cook 43CEJ28523AH,Southern Energy Homes,Double Wide,https://www.texashomeoutlet.com/plan/235441/epic-journey/cook-43cej28523ah/,https://www.texashomeoutlet.com/quote/floorplan/235441/dealer/3522,https://d132mt2yijm03y.cloudfront.net/manufacturer/1997/floorplan/235441/Cook.jpg,1,1,True
floorplan-235443,235443,Epic Journey / Crockett CEJ28683A,Southern Energy Homes,Double Wide,https://www.texashomeoutlet.com/plan/235443/epic-journey/crockett-cej28683a/,https://www.texashomeoutlet.com/quote/floorplan/235443/dealer/3522,https://d132mt2yijm03y.cloudfront.net/manufacturer/1997/floorplan/235443/The%20Crockett%20CEJ28683A.jpg,1,1,True
floorplan-235883,235883,Alpine Series / The Olympus 32SAP32744B,Schult Waco 2,Double Wide,https://www.texashomeoutlet.com/plan/235883/alpine-series/the-olympus-32sap32744b/,https://www.texashomeoutlet.com/quote/floorplan/235883/dealer/3522,https://d132mt2yijm03y.cloudfront.net/manufacturer/3315/floorplan/235883/The%20Olympus%2032SAP32744B%20.jpg,1,1,True
floorplan-236155,236155,Champion Homes Collection / 0258CHTAH-2856-32111,Champion Homes,Double Wide,https://www.texashomeoutlet.com/plan/236155/champion-homes-collection/0258chtah-2856-32111/,https://www.texashomeoutlet.com/quote/floorplan/236155/dealer/3522,https://d132mt2yijm03y.cloudfront.net/manufacturer/3373/floorplan/236155/2856H32111.jpg,1,1,True
floorplan-236774,236774,Epic Journey / Boone 43CEJ28564AH,Southern Energy Homes,Double Wide,https://www.texashomeoutlet.com/plan/236774/epic-journey/boone-43cej28564ah/,https://www.texashomeoutlet.com/quote/floorplan/236774/dealer/3522,https://d132mt2yijm03y.cloudfront.net/manufacturer/1997/floorplan/236774/floor-plans-SMALL%20%283%29.jpg,1,1,True
floorplan-237453,237453,Premier / The Abita 1676H32292,Champion Homes,Single Wide,https://www.texashomeoutlet.com/plan/237453/premier/the-abita-1676h32292/,https://www.texashomeoutlet.com/quote/floorplan/237453/dealer/3522,https://d132mt2yijm03y.cloudfront.net/manufacturer/3373/floorplan/237453/floor-plans-SMALL%20%281%29.jpg,1,1,True
floorplan-237656,237656,Anthem / The Blue Ridge AY16763S Duplex,Cavco Homes of Texas,Single Wide,https://www.texashomeoutlet.com/plan/237656/anthem/the-blue-ridge-ay16763s-duplex/,https://www.texashomeoutlet.com/quote/floorplan/237656/dealer/3522,https://d132mt2yijm03y.cloudfront.net/manufacturer/2022/floorplan/237656/16763S.jpg,1,1,True
floorplan-237853,237853,Epic Journey / Sevier 43CEJ28764AH,Southern Energy Homes,Double Wide,https://www.texashomeoutlet.com/plan/237853/epic-journey/sevier-43cej28764ah/,https://www.texashomeoutlet.com/quote/floorplan/237853/dealer/3522,https://d132mt2yijm03y.cloudfront.net/manufacturer/1997/floorplan/237853/floor-plans-SMALL.jpg,1,1,True
floorplan-223037,223037,Skyliner / 6334B,Skyline Homes,Double Wide,https://www.texashomeoutlet.com/plan/223037/skyliner/6334b/,https://www.texashomeoutlet.com/quote/floorplan/223037/dealer/3522,https://d132mt2yijm03y.cloudfront.net/manufacturer/2045/floorplan/223037/skyliner-6334B-floor-plans.jpg,1,1,False
floorplan-224049,224049,Prairie Dune / 8831,Skyline Homes,Double Wide,https://www.texashomeoutlet.com/plan/224049/prairie-dune/8831/,https://www.texashomeoutlet.com/quote/floorplan/224049/dealer/3522,https://d132mt2yijm03y.cloudfront.net/manufacturer/2045/floorplan/224049/8831-floor-plans.jpg,1,1,False
floorplan-226521,226521,New Vision / The Dimas NV-1802,New Vision Manufacturing,Single Wide,https://www.texashomeoutlet.com/plan/226521/new-vision/the-dimas-nv-1802/,https://www.texashomeoutlet.com/quote/floorplan/226521/dealer/3522,https://d132mt2yijm03y.cloudfront.net/manufacturer/3335/floorplan/226521/1802.jpg,1,1,False
floorplan-226546,226546,Solution / The Real Deal SLC28483A,Clayton Sulphur Springs,Double Wide,https://www.texashomeoutlet.com/plan/226546/solution/the-real-deal-slc28483a/,https://www.texashomeoutlet.com/quote/floorplan/226546/dealer/3522,https://d132mt2yijm03y.cloudfront.net/manufacturer/2025/floorplan/226546/floor-plans-SMALL.jpg,1,1,True
floorplan-227262,227262,Nexus / Gemini 9260,Meridian Homes,Single Wide,https://www.texashomeoutlet.com/plan/227262/nexus/gemini-9260/,https://www.texashomeoutlet.com/quote/floorplan/227262/dealer/3522,https://d132mt2yijm03y.cloudfront.net/manufacturer/3311/floorplan/227262/LAN-205-32062-81-3-942x585.jpg,0,2,False
floorplan-227314,227314,New Vision / The Razor,New Vision Manufacturing,Single Wide,https://www.texashomeoutlet.com/plan/227314/new-vision/the-razor/,https://www.texashomeoutlet.com/quote/floorplan/227314/dealer/3522,https://d132mt2yijm03y.cloudfront.net/manufacturer/3335/floorplan/227314/The%20Razor%20floor-plans.jpg,1,1,False
floorplan-227810,227810,Palmetto / The Canal 1676-H-32005,Skyline Homes,Single Wide,https://www.texashomeoutlet.com/plan/227810/palmetto/the-canal-1676-h-32005/,https://www.texashomeoutlet.com/quote/floorplan/227810/dealer/3522,https://d132mt2yijm03y.cloudfront.net/manufacturer/3339/floorplan/227810/canal%20floor-plans-SMALL.jpg,1,1,False
floorplan-228466,228466,New Vision / The Graceland,New Vision Manufacturing,Single Wide,https://www.texashomeoutlet.com/plan/228466/new-vision/the-graceland/,https://www.texashomeoutlet.com/quote/floorplan/228466/dealer/3522,https://d132mt2yijm03y.cloudfront.net/manufacturer/3335/floorplan/228466/graceland-floor-plans-SMALL.jpg,1,1,False
floorplan-231580,231580,Epic Experience / The Mariner CEE16763EH,Southern Energy Homes,Single Wide,https://www.texashomeoutlet.com/plan/231580/epic-experience/the-mariner-cee16763eh/,https://www.texashomeoutlet.com/quote/floorplan/231580/dealer/3522,https://d132mt2yijm03y.cloudfront.net/manufacturer/1997/floorplan/231580/The%20Mariner%20CEE16763EH.jpg,1,1,False
floorplan-231588,231588,Epic Experience / The Tide CEE16682AH,Southern Energy Homes,Single Wide,https://www.texashomeoutlet.com/plan/231588/epic-experience/the-tide-cee16682ah/,https://www.texashomeoutlet.com/quote/floorplan/231588/dealer/3522,https://d132mt2yijm03y.cloudfront.net/manufacturer/1997/floorplan/231588/The%20Tide%20CEE16682AH.jpg,1,1,False
floorplan-231589,231589,Epic Experience / The Expedition CEE28604AH,Southern Energy Homes,Double Wide,https://www.texashomeoutlet.com/plan/231589/epic-experience/the-expedition-cee28604ah/,https://www.texashomeoutlet.com/quote/floorplan/231589/dealer/3522,https://d132mt2yijm03y.cloudfront.net/manufacturer/1997/floorplan/231589/The%20Expedition%20CEE28604AH.jpg,1,1,False
floorplan-231979,231979,Skyline Warehouse / The Cajun 3254-32335,Skyline Homes,Double Wide,https://www.texashomeoutlet.com/plan/231979/skyline-warehouse/the-cajun-3254-32335/,https://www.texashomeoutlet.com/quote/floorplan/231979/dealer/3522,https://d132mt2yijm03y.cloudfront.net/manufacturer/3339/floorplan/231979/floor-plans-SMALL.jpg,1,1,False
floorplan-232175,232175,New Vision / The Declaration,New Vision Manufacturing,Single Wide,https://www.texashomeoutlet.com/plan/232175/new-vision/the-declaration/,https://www.texashomeoutlet.com/quote/floorplan/232175/dealer/3522,https://d132mt2yijm03y.cloudfront.net/manufacturer/3335/floorplan/232175/The%20Declaration%20floor-plans-SMALL%20%281%29.png,1,1,False
floorplan-232969,232969,The Promotional Series / The Rosewood FAC28644A,Jessup Housing,Double Wide,https://www.texashomeoutlet.com/plan/232969/the-promotional-series/the-rosewood-fac28644a/,https://www.texashomeoutlet.com/quote/floorplan/232969/dealer/3522,https://d132mt2yijm03y.cloudfront.net/manufacturer/3328/floorplan/232969/The%20Rosewood%20FAC28644A.jpg,1,1,False
floorplan-233616,233616,The Promotional Series / The Johnson FAC18763A,Jessup Housing,Single Wide,https://www.texashomeoutlet.com/plan/233616/the-promotional-series/the-johnson-fac18763a/,https://www.texashomeoutlet.com/quote/floorplan/233616/dealer/3522,https://d132mt2yijm03y.cloudfront.net/manufacturer/3328/floorplan/233616/The%20Johnson%20FAC18763A.jpg,0,1,True
floorplan-233981,233981,Epic Experience / The Voyage CEE16763H,Southern Energy Homes,Single Wide,https://www.texashomeoutlet.com/plan/233981/epic-experience/the-voyage-cee16763h/,https://www.texashomeoutlet.com/quote/floorplan/233981/dealer/3522,https://d132mt2yijm03y.cloudfront.net/manufacturer/1997/floorplan/233981/The%20Voyage%20CEE16763H.jpg,1,1,False
floorplan-234485,234485,Compass / Schouten 3232,Meridian Homes,Double Wide,https://www.texashomeoutlet.com/plan/234485/compass/schouten-3232/,https://www.texashomeoutlet.com/quote/floorplan/234485/dealer/3522,https://d132mt2yijm03y.cloudfront.net/manufacturer/3311/floorplan/234485/3232.jpg,1,1,False
floorplan-234919,234919,New Vision / The Kristin,New Vision Manufacturing,Single Wide,https://www.texashomeoutlet.com/plan/234919/new-vision/the-kristin/,https://www.texashomeoutlet.com/quote/floorplan/234919/dealer/3522,https://d132mt2yijm03y.cloudfront.net/manufacturer/3335/floorplan/234919/The%20Kristin.jpg,1,1,False
floorplan-234950,234950,The Promotional Series / The Panama FAC28564A,Jessup Housing,Double Wide,https://www.texashomeoutlet.com/plan/234950/the-promotional-series/the-panama-fac28564a/,https://www.texashomeoutlet.com/quote/floorplan/234950/dealer/3522,https://d132mt2yijm03y.cloudfront.net/manufacturer/3328/floorplan/234950/The%20Panama%20FAC28564A.jpg,1,1,False
floorplan-235440,235440,Epic Journey / Lewis 43CEJ16562AH,Southern Energy Homes,Single Wide,https://www.texashomeoutlet.com/plan/235440/epic-journey/lewis-43cej16562ah/,https://www.texashomeoutlet.com/quote/floorplan/235440/dealer/3522,https://d132mt2yijm03y.cloudfront.net/manufacturer/1997/floorplan/235440/lewis.jpg,1,1,False
floorplan-235442,235442,Epic Journey / Clark 43CEJ16663AH,Southern Energy Homes,Single Wide,https://www.texashomeoutlet.com/plan/235442/epic-journey/clark-43cej16663ah/,https://www.texashomeoutlet.com/quote/floorplan/235442/dealer/3522,https://d132mt2yijm03y.cloudfront.net/manufacturer/1997/floorplan/235442/clark.jpg,1,1,False
floorplan-235588,235588,Horizon / Aspire,Clayton Sulphur Springs,Double Wide,https://www.texashomeoutlet.com/plan/235588/horizon/aspire/,https://www.texashomeoutlet.com/quote/floorplan/235588/dealer/3522,https://d132mt2yijm03y.cloudfront.net/manufacturer/2025/floorplan/235588/Aspire.jpg,1,1,True
floorplan-235589,235589,Horizon / Haven,Clayton Sulphur Springs,Double Wide,https://www.texashomeoutlet.com/plan/235589/horizon/haven/,https://www.texashomeoutlet.com/quote/floorplan/235589/dealer/3522,https://d132mt2yijm03y.cloudfront.net/manufacturer/2025/floorplan/235589/floor-plans-SMALL.jpg,1,1,False
floorplan-235590,235590,Horizon / Vista,Clayton Sulphur Springs,Double Wide,https://www.texashomeoutlet.com/plan/235590/horizon/vista/,https://www.texashomeoutlet.com/quote/floorplan/235590/dealer/3522,https://d132mt2yijm03y.cloudfront.net/manufacturer/2025/floorplan/235590/Vista.jpg,1,1,True
floorplan-236328,236328,Epic Journey / Hudson CEJ1676-3A,Southern Energy Homes,Single Wide,https://www.texashomeoutlet.com/plan/236328/epic-journey/hudson-cej1676-3a/,https://www.texashomeoutlet.com/quote/floorplan/236328/dealer/3522,https://d132mt2yijm03y.cloudfront.net/manufacturer/1997/floorplan/236328/hudson.jpg,1,1,False
floorplan-236494,236494,The Titanium Double / Lakeland FAC28603A,Jessup Housing,Double Wide,https://www.texashomeoutlet.com/plan/236494/the-titanium-double/lakeland-fac28603a/,https://www.texashomeoutlet.com/quote/floorplan/236494/dealer/3522,https://d132mt2yijm03y.cloudfront.net/manufacturer/3328/floorplan/236494/floor-plans-SMALL.jpg,1,1,False
floorplan-236865,236865,Origin Series / Redwood TRT28765R,TRU,Double Wide,https://www.texashomeoutlet.com/plan/236865/origin-series/redwood-trt28765r/,https://www.texashomeoutlet.com/quote/floorplan/236865/dealer/3522,https://d132mt2yijm03y.cloudfront.net/manufacturer/2007/floorplan/236865/Redwood.jpg,1,1,False
floorplan-236866,236866,Origin Series / Sycamore TRT28684S,TRU,Double Wide,https://www.texashomeoutlet.com/plan/236866/origin-series/sycamore-trt28684s/,https://www.texashomeoutlet.com/quote/floorplan/236866/dealer/3522,https://d132mt2yijm03y.cloudfront.net/manufacturer/2007/floorplan/236866/Sycamore%20TRT28684S.jpg,1,1,False
floorplan-236867,236867,Origin Series / Oak TRT28564O,TRU,Double Wide,https://www.texashomeoutlet.com/plan/236867/origin-series/oak-trt28564o/,https://www.texashomeoutlet.com/quote/floorplan/236867/dealer/3522,https://d132mt2yijm03y.cloudfront.net/manufacturer/2007/floorplan/236867/Oak%20TRT28564O.jpg,1,1,False
floorplan-236868,236868,Origin Series / Cedar TRT28563C,TRU,Double Wide,https://www.texashomeoutlet.com/plan/236868/origin-series/cedar-trt28563c/,https://www.texashomeoutlet.com/quote/floorplan/236868/dealer/3522,https://d132mt2yijm03y.cloudfront.net/manufacturer/2007/floorplan/236868/Cedar%20TRT28563C%201.jpg,1,1,False
floorplan-236869,236869,Origin Series / Spruce TRT28563S,TRU,Double Wide,https://www.texashomeoutlet.com/plan/236869/origin-series/spruce-trt28563s/,https://www.texashomeoutlet.com/quote/floorplan/236869/dealer/3522,https://d132mt2yijm03y.cloudfront.net/manufacturer/2007/floorplan/236869/Spruce%20TRT28563S.jpg,1,1,False
floorplan-236870,236870,Origin Series / Maple TRT28483M,TRU,Double Wide,https://www.texashomeoutlet.com/plan/236870/origin-series/maple-trt28483m/,https://www.texashomeoutlet.com/quote/floorplan/236870/dealer/3522,https://d132mt2yijm03y.cloudfront.net/manufacturer/2007/floorplan/236870/Maple%20TRT28483M.jpg,1,1,False
floorplan-236871,236871,Origin Series / Aspen TRT16763A,TRU,Single Wide,https://www.texashomeoutlet.com/plan/236871/origin-series/aspen-trt16763a/,https://www.texashomeoutlet.com/quote/floorplan/236871/dealer/3522,https://d132mt2yijm03y.cloudfront.net/manufacturer/2007/floorplan/236871/Aspen%20TRT16763A.jpg,1,1,False
floorplan-236872,236872,Origin Series / Birch TRT16763B,TRU,Single Wide,https://www.texashomeoutlet.com/plan/236872/origin-series/birch-trt16763b/,https://www.texashomeoutlet.com/quote/floorplan/236872/dealer/3522,https://d132mt2yijm03y.cloudfront.net/manufacturer/2007/floorplan/236872/Birch.jpg,1,1,False
floorplan-236873,236873,Origin Series / Cypress TRT14764C,TRU,Single Wide,https://www.texashomeoutlet.com/plan/236873/origin-series/cypress-trt14764c/,https://www.texashomeoutlet.com/quote/floorplan/236873/dealer/3522,https://d132mt2yijm03y.cloudfront.net/manufacturer/2007/floorplan/236873/Cypress.jpg,1,1,False
floorplan-236874,236874,Origin Series / Magnolia TRT14763M,TRU,Single Wide,https://www.texashomeoutlet.com/plan/236874/origin-series/magnolia-trt14763m/,https://www.texashomeoutlet.com/quote/floorplan/236874/dealer/3522,https://d132mt2yijm03y.cloudfront.net/manufacturer/2007/floorplan/236874/Magnolia.jpg,1,1,False
floorplan-236875,236875,Origin Series / Hickory TRT14663H,TRU,Single Wide,https://www.texashomeoutlet.com/plan/236875/origin-series/hickory-trt14663h/,https://www.texashomeoutlet.com/quote/floorplan/236875/dealer/3522,https://d132mt2yijm03y.cloudfront.net/manufacturer/2007/floorplan/236875/Hickory%20TRT14663H.jpg,1,1,False
floorplan-236876,236876,Origin Series / Dogwood TRT14602D,TRU,Single Wide,https://www.texashomeoutlet.com/plan/236876/origin-series/dogwood-trt14602d/,https://www.texashomeoutlet.com/quote/floorplan/236876/dealer/3522,https://d132mt2yijm03y.cloudfront.net/manufacturer/2007/floorplan/236876/Dogwood.jpg,1,1,False
floorplan-236877,236877,Origin Series / Elm TRT14562E,TRU,Single Wide,https://www.texashomeoutlet.com/plan/236877/origin-series/elm-trt14562e/,https://www.texashomeoutlet.com/quote/floorplan/236877/dealer/3522,https://d132mt2yijm03y.cloudfront.net/manufacturer/2007/floorplan/236877/elm.jpg,1,1,False
floorplan-237392,237392,Premier / Meleck 3268H42483,Champion Homes,Double Wide,https://www.texashomeoutlet.com/plan/237392/premier/meleck-3268h42483/,https://www.texashomeoutlet.com/quote/floorplan/237392/dealer/3522,https://d132mt2yijm03y.cloudfront.net/manufacturer/3373/floorplan/237392/floor-plans-SMALL.jpg,1,1,False
floorplan-237688,237688,TRU Mini / Tulip TRT12482PH,TRU,Single Wide,https://www.texashomeoutlet.com/plan/237688/tru-mini/tulip-trt12482ph/,https://www.texashomeoutlet.com/quote/floorplan/237688/dealer/3522,https://d132mt2yijm03y.cloudfront.net/manufacturer/2007/floorplan/237688/Tulip%20TRT12482PH.jpg,1,1,False
floorplan-237689,237689,TRU Mini / Buttercup TRT12361PH,TRU,Single Wide,https://www.texashomeoutlet.com/plan/237689/tru-mini/buttercup-trt12361ph/,https://www.texashomeoutlet.com/quote/floorplan/237689/dealer/3522,https://d132mt2yijm03y.cloudfront.net/manufacturer/2007/floorplan/237689/Buttercup%20TRT12361PH.jpg,1,1,False
floorplan-222027,222027,Compass / del Canto 231,Meridian Homes,Single Wide,https://www.texashomeoutlet.com/plan/222027/compass/del-canto-231/,https://www.texashomeoutlet.com/quote/floorplan/222027/dealer/3522,https://d132mt2yijm03y.cloudfront.net/manufacturer/3311/floorplan/222027/HS231-floor-plans.jpg,0,1,True
floorplan-225061,225061,Park House / The Aspen,New Vision Manufacturing,Park Model,https://www.texashomeoutlet.com/plan/225061/park-house/the-aspen/,https://www.texashomeoutlet.com/quote/floorplan/225061/dealer/3522,https://d132mt2yijm03y.cloudfront.net/manufacturer/3335/floorplan/225061/Aspen.jpg,0,1,False
floorplan-225985,225985,Prairie Dune / 8432P,Skyline Homes,Double Wide,https://www.texashomeoutlet.com/plan/225985/prairie-dune/8432p/,https://www.texashomeoutlet.com/quote/floorplan/225985/dealer/3522,https://d132mt2yijm03y.cloudfront.net/manufacturer/2045/floorplan/225985/8432P-floor-plans.jpg,1,1,False
floorplan-225991,225991,Prairie Dune / 8810,Skyline Homes,Double Wide,https://www.texashomeoutlet.com/plan/225991/prairie-dune/8810/,https://www.texashomeoutlet.com/quote/floorplan/225991/dealer/3522,https://d132mt2yijm03y.cloudfront.net/manufacturer/2045/floorplan/225991/8810-floor-plans.jpg,1,1,False
floorplan-227619,227619,Prairie Dune / 8310,Skyline Homes,Single Wide,https://www.texashomeoutlet.com/plan/227619/prairie-dune/8310/,https://www.texashomeoutlet.com/quote/floorplan/227619/dealer/3522,https://d132mt2yijm03y.cloudfront.net/manufacturer/2045/floorplan/227619/galaxy-600-floor-plans.jpg,1,1,False
floorplan-229052,229052,Prairie Dune / 8855,Skyline Homes,Double Wide,https://www.texashomeoutlet.com/plan/229052/prairie-dune/8855/,https://www.texashomeoutlet.com/quote/floorplan/229052/dealer/3522,https://d132mt2yijm03y.cloudfront.net/manufacturer/2045/floorplan/229052/8855-floor-plans-SMALL.jpg,1,1,False
floorplan-231375,231375,Shore Park / 0222CT,Skyline Homes,Park Model,https://www.texashomeoutlet.com/plan/231375/shore-park/0222ct/,https://www.texashomeoutlet.com/quote/floorplan/231375/dealer/3522,https://d132mt2yijm03y.cloudfront.net/manufacturer/2045/floorplan/231375/Arc%20City_0222-B_LR%20%281%29.jpg,0,2,False
floorplan-1446,1446,Epic Journey / The Drake CEJ28403AH,Southern Energy Homes,Double Wide,https://www.texashomeoutlet.com/plan/1446/epic-journey/the-drake-cej28403ah/,https://www.texashomeoutlet.com/quote/floorplan/1446/dealer/3522,https://d132mt2yijm03y.cloudfront.net/manufacturer/1997/floorplan/1446/floor-plans-SMALL.jpg,0,1,False
floorplan-222044,222044,Compass / Pereira 3224,Meridian Homes,Double Wide,https://www.texashomeoutlet.com/plan/222044/compass/pereira-3224/,https://www.texashomeoutlet.com/quote/floorplan/222044/dealer/3522,,1,0,True
floorplan-225311,225311,Palmetto / 0251SKPLH-1676-32002,Skyline Homes,Single Wide,https://www.texashomeoutlet.com/plan/225311/palmetto/0251skplh-1676-32002/,https://www.texashomeoutlet.com/quote/floorplan/225311/dealer/3522,https://d132mt2yijm03y.cloudfront.net/manufacturer/3339/floorplan/225311/Palmetto---0251SKPLH-1676-32002-floor-plans.jpg,0,1,False
floorplan-225949,225949,Prairie Dune / 8732E,Skyline Homes,Single Wide,https://www.texashomeoutlet.com/plan/225949/prairie-dune/8732e/,https://www.texashomeoutlet.com/quote/floorplan/225949/dealer/3522,https://d132mt2yijm03y.cloudfront.net/manufacturer/2045/floorplan/225949/8732E-floor-plans.jpg,0,1,False
floorplan-225955,225955,Prairie Dune / 8710F,Skyline Homes,Single Wide,https://www.texashomeoutlet.com/plan/225955/prairie-dune/8710f/,https://www.texashomeoutlet.com/quote/floorplan/225955/dealer/3522,https://d132mt2yijm03y.cloudfront.net/manufacturer/2045/floorplan/225955/8710F-floor-plans.jpg,0,1,False
floorplan-225956,225956,Prairie Dune / 8703E,Skyline Homes,Single Wide,https://www.texashomeoutlet.com/plan/225956/prairie-dune/8703e/,https://www.texashomeoutlet.com/quote/floorplan/225956/dealer/3522,https://d132mt2yijm03y.cloudfront.net/manufacturer/2045/floorplan/225956/8703E-floor-plans.jpg,0,1,False
floorplan-225986,225986,Prairie Dune / 8452,Skyline Homes,Double Wide,https://www.texashomeoutlet.com/plan/225986/prairie-dune/8452/,https://www.texashomeoutlet.com/quote/floorplan/225986/dealer/3522,https://d132mt2yijm03y.cloudfront.net/manufacturer/2045/floorplan/225986/8452-floor-plans.jpg,0,1,False
floorplan-225990,225990,Prairie Dune / 8808P,Skyline Homes,Double Wide,https://www.texashomeoutlet.com/plan/225990/prairie-dune/8808p/,https://www.texashomeoutlet.com/quote/floorplan/225990/dealer/3522,https://d132mt2yijm03y.cloudfront.net/manufacturer/2045/floorplan/225990/8808P-floor-plans.jpg,0,1,False
floorplan-225996,225996,Prairie Dune / 8831P,Skyline Homes,Double Wide,https://www.texashomeoutlet.com/plan/225996/prairie-dune/8831p/,https://www.texashomeoutlet.com/quote/floorplan/225996/dealer/3522,https://d132mt2yijm03y.cloudfront.net/manufacturer/2045/floorplan/225996/8831P-floor-plans.jpg,0,1,False
floorplan-226582,226582,Palmetto / The Pearl 1660-H-22001,Champion Homes,Single Wide,https://www.texashomeoutlet.com/plan/226582/palmetto/the-pearl-1660-h-22001/,https://www.texashomeoutlet.com/quote/floorplan/226582/dealer/3522,https://d132mt2yijm03y.cloudfront.net/manufacturer/3373/floorplan/226582/025CHPR-1660H22001%20Pearl%20floor-plans-SMALL.jpg,0,1,False
floorplan-227260,227260,Nexus / Aries 9166,Meridian Homes,Single Wide,https://www.texashomeoutlet.com/plan/227260/nexus/aries-9166/,https://www.texashomeoutlet.com/quote/floorplan/227260/dealer/3522,https://d132mt2yijm03y.cloudfront.net/manufacturer/3311/floorplan/227260/Aries%209166%20floor-plans.jpg,1,1,True
floorplan-227440,227440,Premier / 2856H42011,Champion Homes,Double Wide,https://www.texashomeoutlet.com/plan/227440/premier/2856h42011/,https://www.texashomeoutlet.com/quote/floorplan/227440/dealer/3522,https://d132mt2yijm03y.cloudfront.net/manufacturer/3373/floorplan/227440/2856H42011-floor-plans.jpg,0,1,False
floorplan-227441,227441,Premier / 1456H22P01,Champion Homes,Single Wide,https://www.texashomeoutlet.com/plan/227441/premier/1456h22p01/,https://www.texashomeoutlet.com/quote/floorplan/227441/dealer/3522,https://d132mt2yijm03y.cloudfront.net/manufacturer/3373/floorplan/227441/1456H22P01-floor-plans.jpg,0,1,False
floorplan-227633,227633,Nexus / Vela 9456,Meridian Homes,Double Wide,https://www.texashomeoutlet.com/plan/227633/nexus/vela-9456/,https://www.texashomeoutlet.com/quote/floorplan/227633/dealer/3522,https://d132mt2yijm03y.cloudfront.net/manufacturer/3311/floorplan/227633/Nexus-9456-Vela-20-942x585.jpg,0,2,True
floorplan-227807,227807,Premier / The Royal 1660-H-22001,Champion Homes,Single Wide,https://www.texashomeoutlet.com/plan/227807/premier/the-royal-1660-h-22001/,https://www.texashomeoutlet.com/quote/floorplan/227807/dealer/3522,https://d132mt2yijm03y.cloudfront.net/manufacturer/3373/floorplan/227807/the-royal-floor-plans-SMALL.jpg,0,1,False
floorplan-227812,227812,Palmetto / The Poydras 3262-H-42004,Skyline Homes,Double Wide,https://www.texashomeoutlet.com/plan/227812/palmetto/the-poydras-3262-h-42004/,https://www.texashomeoutlet.com/quote/floorplan/227812/dealer/3522,https://d132mt2yijm03y.cloudfront.net/manufacturer/3339/floorplan/227812/poydras%2042floor-plans-SMALL.jpg,0,1,False
floorplan-227813,227813,Palmetto / The Carollton 3268-H-42001,Skyline Homes,Double Wide,https://www.texashomeoutlet.com/plan/227813/palmetto/the-carollton-3268-h-42001/,https://www.texashomeoutlet.com/quote/floorplan/227813/dealer/3522,https://d132mt2yijm03y.cloudfront.net/manufacturer/3339/floorplan/227813/Carrollton%20floor-plans-SMALL.jpg,0,1,False
floorplan-227876,227876,Valu Maxx Premier / VY-32483E,Cavco Homes of Texas,Double Wide,https://www.texashomeoutlet.com/plan/227876/valu-maxx-premier/vy-32483e/,https://www.texashomeoutlet.com/quote/floorplan/227876/dealer/3522,https://d132mt2yijm03y.cloudfront.net/manufacturer/2022/floorplan/227876/VY-32483E-floor-plans.jpg,0,1,False
floorplan-227994,227994,Compass / Coelho 348,Meridian Homes,Single Wide,https://www.texashomeoutlet.com/plan/227994/compass/coelho-348/,https://www.texashomeoutlet.com/quote/floorplan/227994/dealer/3522,https://d132mt2yijm03y.cloudfront.net/manufacturer/3311/floorplan/227994/compass-348-floor-plans.jpg,0,1,True
floorplan-229048,229048,Prairie Dune / 8862,Skyline Homes,Double Wide,https://www.texashomeoutlet.com/plan/229048/prairie-dune/8862/,https://www.texashomeoutlet.com/quote/floorplan/229048/dealer/3522,https://d132mt2yijm03y.cloudfront.net/manufacturer/2045/floorplan/229048/2352-floor-plans-SMALL.jpg,0,1,False
floorplan-229056,229056,Skyliner / 6380P,Skyline Homes,Double Wide,https://www.texashomeoutlet.com/plan/229056/skyliner/6380p/,https://www.texashomeoutlet.com/quote/floorplan/229056/dealer/3522,https://d132mt2yijm03y.cloudfront.net/manufacturer/2045/floorplan/229056/6380P-floor-plans-SMALL.jpg,0,1,False
floorplan-229057,229057,Skyliner / 6301B,Skyline Homes,Double Wide,https://www.texashomeoutlet.com/plan/229057/skyliner/6301b/,https://www.texashomeoutlet.com/quote/floorplan/229057/dealer/3522,https://d132mt2yijm03y.cloudfront.net/manufacturer/2045/floorplan/229057/6301B-floor-plans-SMALL.jpg,0,1,False
floorplan-230423,230423,Palmetto / The Bayou 1672-32009,Champion Homes,Single Wide,https://www.texashomeoutlet.com/plan/230423/palmetto/the-bayou-1672-32009/,https://www.texashomeoutlet.com/quote/floorplan/230423/dealer/3522,https://d132mt2yijm03y.cloudfront.net/manufacturer/3373/floorplan/230423/The%20Bayou%20floor-plans-SMALL.jpg,0,1,False
floorplan-230481,230481,Nexus TXR / Camila 9860,Meridian Homes,Double Wide,https://www.texashomeoutlet.com/plan/230481/nexus-txr/camila-9860/,https://www.texashomeoutlet.com/quote/floorplan/230481/dealer/3522,https://d132mt2yijm03y.cloudfront.net/manufacturer/3311/floorplan/230481/9860-floor-plans-SMALL.jpg,0,1,False
floorplan-230512,230512,Premier / The Lafayette 1676H32013,Champion Homes,Single Wide,https://www.texashomeoutlet.com/plan/230512/premier/the-lafayette-1676h32013/,https://www.texashomeoutlet.com/quote/floorplan/230512/dealer/3522,https://d132mt2yijm03y.cloudfront.net/manufacturer/3373/floorplan/230512/025CHPR-1676H32013%20Lafayette%20floor-plans-SMALL.jpg,0,1,False
floorplan-230516,230516,Prairie Dune / 8311,Skyline Homes,Single Wide,https://www.texashomeoutlet.com/plan/230516/prairie-dune/8311/,https://www.texashomeoutlet.com/quote/floorplan/230516/dealer/3522,https://d132mt2yijm03y.cloudfront.net/manufacturer/2045/floorplan/230516/601AJ%20floor-plans-SMALL%20%281%29.jpg,0,1,False
floorplan-230517,230517,Prairie Dune / 8312,Skyline Homes,Single Wide,https://www.texashomeoutlet.com/plan/230517/prairie-dune/8312/,https://www.texashomeoutlet.com/quote/floorplan/230517/dealer/3522,https://d132mt2yijm03y.cloudfront.net/manufacturer/2045/floorplan/230517/602%20floor-plans-SMALL.jpg,0,1,False
floorplan-230518,230518,Prairie Dune / 8313,Skyline Homes,Single Wide,https://www.texashomeoutlet.com/plan/230518/prairie-dune/8313/,https://www.texashomeoutlet.com/quote/floorplan/230518/dealer/3522,https://d132mt2yijm03y.cloudfront.net/manufacturer/2045/floorplan/230518/603%20floor-plans-SMALL.jpg,0,1,False
floorplan-230520,230520,Prairie Dune / 8704,Skyline Homes,Single Wide,https://www.texashomeoutlet.com/plan/230520/prairie-dune/8704/,https://www.texashomeoutlet.com/quote/floorplan/230520/dealer/3522,https://d132mt2yijm03y.cloudfront.net/manufacturer/2045/floorplan/230520/804%20floor-plans-SMALL.jpg,0,1,False
floorplan-230521,230521,Prairie Dune / 8705,Skyline Homes,Single Wide,https://www.texashomeoutlet.com/plan/230521/prairie-dune/8705/,https://www.texashomeoutlet.com/quote/floorplan/230521/dealer/3522,https://d132mt2yijm03y.cloudfront.net/manufacturer/2045/floorplan/230521/805%20floor-plans-SMALL.jpg,0,1,False
floorplan-230524,230524,Prairie Dune / 8901,Skyline Homes,Double Wide,https://www.texashomeoutlet.com/plan/230524/prairie-dune/8901/,https://www.texashomeoutlet.com/quote/floorplan/230524/dealer/3522,https://d132mt2yijm03y.cloudfront.net/manufacturer/2045/floorplan/230524/2501%20floor-plans-SMALL.jpg,0,1,True
floorplan-230525,230525,Skyliner / 6331,Skyline Homes,Double Wide,https://www.texashomeoutlet.com/plan/230525/skyliner/6331/,https://www.texashomeoutlet.com/quote/floorplan/230525/dealer/3522,https://d132mt2yijm03y.cloudfront.net/manufacturer/2045/floorplan/230525/6331%20floor-plans-SMALL.jpg,0,1,False
floorplan-230530,230530,Skyliner / 6363B,Skyline Homes,Double Wide,https://www.texashomeoutlet.com/plan/230530/skyliner/6363b/,https://www.texashomeoutlet.com/quote/floorplan/230530/dealer/3522,https://d132mt2yijm03y.cloudfront.net/manufacturer/2045/floorplan/230530/6363%20floor-plans-SMALL.jpg,0,1,False
floorplan-230531,230531,Prairie Dune / 8761AJ,Skyline Homes,Single Wide,https://www.texashomeoutlet.com/plan/230531/prairie-dune/8761aj/,https://www.texashomeoutlet.com/quote/floorplan/230531/dealer/3522,https://d132mt2yijm03y.cloudfront.net/manufacturer/2045/floorplan/230531/8761AJ%20floor-plans-SMALL.jpg,0,1,False
floorplan-230532,230532,Prairie Dune / 8786AK,Skyline Homes,Single Wide,https://www.texashomeoutlet.com/plan/230532/prairie-dune/8786ak/,https://www.texashomeoutlet.com/quote/floorplan/230532/dealer/3522,https://d132mt2yijm03y.cloudfront.net/manufacturer/2045/floorplan/230532/8786%20floor-plans-SMALL.jpg,0,1,False
floorplan-230533,230533,Prairie Dune / 8790AK,Skyline Homes,Single Wide,https://www.texashomeoutlet.com/plan/230533/prairie-dune/8790ak/,https://www.texashomeoutlet.com/quote/floorplan/230533/dealer/3522,https://d132mt2yijm03y.cloudfront.net/manufacturer/2045/floorplan/230533/8790%20floor-plans-SMALL.jpg,0,1,False
floorplan-230535,230535,Prairie Dune / 8429,Skyline Homes,Double Wide,https://www.texashomeoutlet.com/plan/230535/prairie-dune/8429/,https://www.texashomeoutlet.com/quote/floorplan/230535/dealer/3522,https://d132mt2yijm03y.cloudfront.net/manufacturer/2045/floorplan/230535/8429%20floor-plans-SMALL.jpg,0,1,False
floorplan-230538,230538,Prairie Dune / 8945J,Skyline Homes,Double Wide,https://www.texashomeoutlet.com/plan/230538/prairie-dune/8945j/,https://www.texashomeoutlet.com/quote/floorplan/230538/dealer/3522,https://d132mt2yijm03y.cloudfront.net/manufacturer/2045/floorplan/230538/8945%201%20floor-plans-SMALL.jpg,0,1,False
floorplan-231499,231499,Premier / The Saint,Champion Homes,Double Wide,https://www.texashomeoutlet.com/plan/231499/premier/the-saint/,https://www.texashomeoutlet.com/quote/floorplan/231499/dealer/3522,https://d132mt2yijm03y.cloudfront.net/manufacturer/3373/floorplan/231499/saint%20floor-plans-SMALL.jpg,0,1,True
floorplan-231903,231903,Palmetto / The Bayou 1672-22009,Champion Homes,Single Wide,https://www.texashomeoutlet.com/plan/231903/palmetto/the-bayou-1672-22009/,https://www.texashomeoutlet.com/quote/floorplan/231903/dealer/3522,https://d132mt2yijm03y.cloudfront.net/manufacturer/3373/floorplan/231903/025CHPR-1672H22009%20Bayou%20floor-plans-SMALL.jpg,0,1,False
floorplan-231904,231904,Palmetto / The Julia 1676H32185,Skyline Homes,Single Wide,https://www.texashomeoutlet.com/plan/231904/palmetto/the-julia-1676h32185/,https://www.texashomeoutlet.com/quote/floorplan/231904/dealer/3522,https://d132mt2yijm03y.cloudfront.net/manufacturer/3339/floorplan/231904/julia%20floor-plans-SMALL.jpg,0,1,False
floorplan-232095,232095,Duplex / 9707,Skyline Homes,Double Wide,https://www.texashomeoutlet.com/plan/232095/duplex/9707/,https://www.texashomeoutlet.com/quote/floorplan/232095/dealer/3522,https://d132mt2yijm03y.cloudfront.net/manufacturer/2045/floorplan/232095/9707%20floor-plans-SMALL.jpg,0,1,False
floorplan-232414,232414,Premier / The Claiborne 1676H32006,Champion Homes,Single Wide,https://www.texashomeoutlet.com/plan/232414/premier/the-claiborne-1676h32006/,https://www.texashomeoutlet.com/quote/floorplan/232414/dealer/3522,https://d132mt2yijm03y.cloudfront.net/manufacturer/3373/floorplan/232414/025SKPL-1676H32006%20Claiborne%20floor-plans-SMALL.jpg,0,1,False
floorplan-233805,233805,Compass / Aswad 3375,Meridian Homes,Double Wide,https://www.texashomeoutlet.com/plan/233805/compass/aswad-3375/,https://www.texashomeoutlet.com/quote/floorplan/233805/dealer/3522,,1,0,False
floorplan-233806,233806,Compass / Brendan 4296,Meridian Homes,Double Wide,https://www.texashomeoutlet.com/plan/233806/compass/brendan-4296/,https://www.texashomeoutlet.com/quote/floorplan/233806/dealer/3522,,1,0,False
floorplan-233807,233807,Compass / Cousin 3201,Meridian Homes,Double Wide,https://www.texashomeoutlet.com/plan/233807/compass/cousin-3201/,https://www.texashomeoutlet.com/quote/floorplan/233807/dealer/3522,,1,0,True
floorplan-233808,233808,Compass / Ledyard 3371,Meridian Homes,Double Wide,https://www.texashomeoutlet.com/plan/233808/compass/ledyard-3371/,https://www.texashomeoutlet.com/quote/floorplan/233808/dealer/3522,,1,0,False
floorplan-233810,233810,Compass / Tavares 170,Meridian Homes,Double Wide,https://www.texashomeoutlet.com/plan/233810/compass/tavares-170/,https://www.texashomeoutlet.com/quote/floorplan/233810/dealer/3522,,1,0,False
floorplan-233811,233811,Nexus / Scorpio 9469,Meridian Homes,Double Wide,https://www.texashomeoutlet.com/plan/233811/nexus/scorpio-9469/,https://www.texashomeoutlet.com/quote/floorplan/233811/dealer/3522,,1,0,True
floorplan-233812,233812,Nexus TXR / Aurora 9856,Meridian Homes,Double Wide,https://www.texashomeoutlet.com/plan/233812/nexus-txr/aurora-9856/,https://www.texashomeoutlet.com/quote/floorplan/233812/dealer/3522,,1,0,False
floorplan-233813,233813,Nexus TXR / Savannah 9868,Meridian Homes,Double Wide,https://www.texashomeoutlet.com/plan/233813/nexus-txr/savannah-9868/,https://www.texashomeoutlet.com/quote/floorplan/233813/dealer/3522,,1,0,True
floorplan-233814,233814,Nexus TXR / Sofia 9678,Meridian Homes,Single Wide,https://www.texashomeoutlet.com/plan/233814/nexus-txr/sofia-9678/,https://www.texashomeoutlet.com/quote/floorplan/233814/dealer/3522,,1,0,True
floorplan-233815,233815,Nexus TXR / Turk T68C-P8,Meridian Homes,Double Wide,https://www.texashomeoutlet.com/plan/233815/nexus-txr/turk-t68c-p8/,https://www.texashomeoutlet.com/quote/floorplan/233815/dealer/3522,https://d132mt2yijm03y.cloudfront.net/manufacturer/3311/floorplan/233815/turk%20t68c-p8.jpg,0,1,True
floorplan-233830,233830,Valu Maxx Premier / 16562A,Cavco Homes of Texas,Single Wide,https://www.texashomeoutlet.com/plan/233830/valu-maxx-premier/16562a/,https://www.texashomeoutlet.com/quote/floorplan/233830/dealer/3522,https://d132mt2yijm03y.cloudfront.net/manufacturer/2022/floorplan/233830/16562A.jpg,0,1,False
floorplan-234353,234353,Premier / Clemson 1676H44198,Champion Homes,Single Wide,https://www.texashomeoutlet.com/plan/234353/premier/clemson-1676h44198/,https://www.texashomeoutlet.com/quote/floorplan/234353/dealer/3522,https://d132mt2yijm03y.cloudfront.net/manufacturer/3373/floorplan/234353/clemson%201676H44198.jpg,0,1,False
floorplan-234354,234354,Premier / Texan 1676H32199,Champion Homes,Single Wide,https://www.texashomeoutlet.com/plan/234354/premier/texan-1676h32199/,https://www.texashomeoutlet.com/quote/floorplan/234354/dealer/3522,https://d132mt2yijm03y.cloudfront.net/manufacturer/3373/floorplan/234354/texan%201676H32199.jpg,0,1,False
floorplan-234486,234486,Compass / De Mendoza 369,Meridian Homes,Single Wide,https://www.texashomeoutlet.com/plan/234486/compass/de-mendoza-369/,https://www.texashomeoutlet.com/quote/floorplan/234486/dealer/3522,,1,0,False
floorplan-234487,234487,Compass / Le Maire 703,Meridian Homes,Single Wide,https://www.texashomeoutlet.com/plan/234487/compass/le-maire-703/,https://www.texashomeoutlet.com/quote/floorplan/234487/dealer/3522,,1,0,False
floorplan-234488,234488,Compass / de Gamboa K70L-P6,Meridian Homes,Single Wide,https://www.texashomeoutlet.com/plan/234488/compass/de-gamboa-k70l-p6/,https://www.texashomeoutlet.com/quote/floorplan/234488/dealer/3522,https://d132mt2yijm03y.cloudfront.net/manufacturer/3311/floorplan/234488/floor-plans-SMALL.jpg,0,1,True
floorplan-234489,234489,Compass / de la Cosa 393,Meridian Homes,Single Wide,https://www.texashomeoutlet.com/plan/234489/compass/de-la-cosa-393/,https://www.texashomeoutlet.com/quote/floorplan/234489/dealer/3522,,1,0,False
floorplan-234602,234602,Embrace Series / Simplicity 1668H32A7H,Skyline Homes,Single Wide,https://www.texashomeoutlet.com/plan/234602/embrace-series/simplicity-1668h32a7h/,https://www.texashomeoutlet.com/quote/floorplan/234602/dealer/3522,https://d132mt2yijm03y.cloudfront.net/manufacturer/2045/floorplan/234602/Simplicity%201668H32A7H.jpg,0,1,False
floorplan-234603,234603,Embrace Series / Simplicity 1676H32A7H,Skyline Homes,Single Wide,https://www.texashomeoutlet.com/plan/234603/embrace-series/simplicity-1676h32a7h/,https://www.texashomeoutlet.com/quote/floorplan/234603/dealer/3522,https://d132mt2yijm03y.cloudfront.net/manufacturer/2045/floorplan/234603/Simplicity%201676H32A7H.jpg,0,1,False
floorplan-234604,234604,Embrace Series / Sunlight 2856H32A7B,Skyline Homes,Double Wide,https://www.texashomeoutlet.com/plan/234604/embrace-series/sunlight-2856h32a7b/,https://www.texashomeoutlet.com/quote/floorplan/234604/dealer/3522,https://d132mt2yijm03y.cloudfront.net/manufacturer/2045/floorplan/234604/Sunlight%202856H32A7B.jpg,0,1,False
floorplan-234605,234605,Embrace Series / Sunrise 2856H42A7F,Skyline Homes,Double Wide,https://www.texashomeoutlet.com/plan/234605/embrace-series/sunrise-2856h42a7f/,https://www.texashomeoutlet.com/quote/floorplan/234605/dealer/3522,https://d132mt2yijm03y.cloudfront.net/manufacturer/2045/floorplan/234605/Sunrise%202856H42A7F.jpg,0,1,False
floorplan-234606,234606,Embrace Series / Serenity 2864H42A7C,Skyline Homes,Double Wide,https://www.texashomeoutlet.com/plan/234606/embrace-series/serenity-2864h42a7c/,https://www.texashomeoutlet.com/quote/floorplan/234606/dealer/3522,https://d132mt2yijm03y.cloudfront.net/manufacturer/2045/floorplan/234606/Serenity%202864H42A7C.jpg,0,1,False
floorplan-234810,234810,Skyliner / F601,Skyline Homes,Double Wide,https://www.texashomeoutlet.com/plan/234810/skyliner/f601/,https://www.texashomeoutlet.com/quote/floorplan/234810/dealer/3522,,1,0,False
floorplan-234811,234811,Skyliner / F602,Skyline Homes,Double Wide,https://www.texashomeoutlet.com/plan/234811/skyliner/f602/,https://www.texashomeoutlet.com/quote/floorplan/234811/dealer/3522,,1,0,False
floorplan-234812,234812,Skyliner / F600,Skyline Homes,Double Wide,https://www.texashomeoutlet.com/plan/234812/skyliner/f600/,https://www.texashomeoutlet.com/quote/floorplan/234812/dealer/3522,,1,0,False
floorplan-234813,234813,Shore Park / D802,Skyline Homes,Park Model,https://www.texashomeoutlet.com/plan/234813/shore-park/d802/,https://www.texashomeoutlet.com/quote/floorplan/234813/dealer/3522,,1,0,False
floorplan-234815,234815,Genesis / 9306,Skyline Homes,Double Wide,https://www.texashomeoutlet.com/plan/234815/genesis/9306/,https://www.texashomeoutlet.com/quote/floorplan/234815/dealer/3522,,1,0,False
floorplan-234816,234816,Genesis / 9300,Skyline Homes,Double Wide,https://www.texashomeoutlet.com/plan/234816/genesis/9300/,https://www.texashomeoutlet.com/quote/floorplan/234816/dealer/3522,,1,0,False
floorplan-234931,234931,Prairie Dune / 8800,Skyline Homes,Double Wide,https://www.texashomeoutlet.com/plan/234931/prairie-dune/8800/,https://www.texashomeoutlet.com/quote/floorplan/234931/dealer/3522,,1,0,False
floorplan-234932,234932,Prairie Dune / 8853,Skyline Homes,Double Wide,https://www.texashomeoutlet.com/plan/234932/prairie-dune/8853/,https://www.texashomeoutlet.com/quote/floorplan/234932/dealer/3522,,1,0,False
floorplan-234933,234933,Prairie Dune / 8903,Skyline Homes,Double Wide,https://www.texashomeoutlet.com/plan/234933/prairie-dune/8903/,https://www.texashomeoutlet.com/quote/floorplan/234933/dealer/3522,,1,0,False
floorplan-234934,234934,Prairie Dune / 8979,Skyline Homes,Double Wide,https://www.texashomeoutlet.com/plan/234934/prairie-dune/8979/,https://www.texashomeoutlet.com/quote/floorplan/234934/dealer/3522,,1,0,False
floorplan-235676,235676,Homestar / The Juniper H68B,Meridian Homes,Single Wide,https://www.texashomeoutlet.com/plan/235676/homestar/the-juniper-h68b/,https://www.texashomeoutlet.com/quote/floorplan/235676/dealer/3522,https://d132mt2yijm03y.cloudfront.net/manufacturer/3311/floorplan/235676/The%20Juniper%20H68B%20floor-plans-SMALL.jpg,0,1,False
floorplan-235677,235677,Homestar / The Aspen H68C,Meridian Homes,Single Wide,https://www.texashomeoutlet.com/plan/235677/homestar/the-aspen-h68c/,https://www.texashomeoutlet.com/quote/floorplan/235677/dealer/3522,https://d132mt2yijm03y.cloudfront.net/manufacturer/3311/floorplan/235677/The%20Aspen%20H68C%20floor-plans-SMALL.jpg,0,1,True
floorplan-235678,235678,Homestar / The Evergreen H76A,Meridian Homes,Single Wide,https://www.texashomeoutlet.com/plan/235678/homestar/the-evergreen-h76a/,https://www.texashomeoutlet.com/quote/floorplan/235678/dealer/3522,https://d132mt2yijm03y.cloudfront.net/manufacturer/3311/floorplan/235678/The%20Evergreen%20H76A%20floor-plans-SMALL.jpg,0,1,True
floorplan-235679,235679,Homestar / The Fairview P48B,Meridian Homes,Double Wide,https://www.texashomeoutlet.com/plan/235679/homestar/the-fairview-p48b/,https://www.texashomeoutlet.com/quote/floorplan/235679/dealer/3522,https://d132mt2yijm03y.cloudfront.net/manufacturer/3311/floorplan/235679/The%20Fairview%20P48B%20floor-plans-SMALL.jpg,0,1,False
floorplan-235680,235680,Homestar / The Brookside P56B,Meridian Homes,Double Wide,https://www.texashomeoutlet.com/plan/235680/homestar/the-brookside-p56b/,https://www.texashomeoutlet.com/quote/floorplan/235680/dealer/3522,https://d132mt2yijm03y.cloudfront.net/manufacturer/3311/floorplan/235680/The%20Brookside%20P56B%20floor-plans-SMALL.jpg,0,1,False
floorplan-235681,235681,Homestar / The Hampton P60C,Meridian Homes,Double Wide,https://www.texashomeoutlet.com/plan/235681/homestar/the-hampton-p60c/,https://www.texashomeoutlet.com/quote/floorplan/235681/dealer/3522,https://d132mt2yijm03y.cloudfront.net/manufacturer/3311/floorplan/235681/The%20Hampton%20P60C%20floor-plans-SMALL.jpg,0,1,False
floorplan-235689,235689,Magellan / Balboa 7266,Meridian Homes,Single Wide,https://www.texashomeoutlet.com/plan/235689/magellan/balboa-7266/,https://www.texashomeoutlet.com/quote/floorplan/235689/dealer/3522,,1,0,False
floorplan-235690,235690,Magellan / Barbosa 7272,Meridian Homes,Single Wide,https://www.texashomeoutlet.com/plan/235690/magellan/barbosa-7272/,https://www.texashomeoutlet.com/quote/floorplan/235690/dealer/3522,,1,0,True
floorplan-235691,235691,Magellan / Malocello 7640,Meridian Homes,Double Wide,https://www.texashomeoutlet.com/plan/235691/magellan/malocello-7640/,https://www.texashomeoutlet.com/quote/floorplan/235691/dealer/3522,,1,0,False
floorplan-235692,235692,Magellan / Piccard 7648,Meridian Homes,Double Wide,https://www.texashomeoutlet.com/plan/235692/magellan/piccard-7648/,https://www.texashomeoutlet.com/quote/floorplan/235692/dealer/3522,https://d132mt2yijm03y.cloudfront.net/manufacturer/3311/floorplan/235692/7648.jpg,1,1,True
floorplan-235693,235693,Magellan / Cousteau 7652,Meridian Homes,Double Wide,https://www.texashomeoutlet.com/plan/235693/magellan/cousteau-7652/,https://www.texashomeoutlet.com/quote/floorplan/235693/dealer/3522,,1,0,True
floorplan-236498,236498,New Vision / The Larry Dale NV-1013,New Vision Manufacturing,Single Wide,https://www.texashomeoutlet.com/plan/236498/new-vision/the-larry-dale-nv-1013/,https://www.texashomeoutlet.com/quote/floorplan/236498/dealer/3522,,1,0,False
